Año,Trimestre,Provincia,ADSL,Cablemodem,Fibra optica,Wireless,Otros,Total,ADSL meta,Cablemodem meta,Fibra optica meta,Wireless meta,Otros meta,Total meta,Tecnologia Predominante
2014,1,Buenos Aires,1567685,1000879,120960,16528,33824,2739876,0,0,0,0,0,0,ADSL
2014,2,Buenos Aires,1568881,1025490,120008,17020,33147,2764546,1599038,1020896,123379,16858,34500,2794673,ADSL
2014,3,Buenos Aires,1562533,1110628,124474,20049,31881,2849565,1600258,1045999,122408,17360,33809,2819836,ADSL
2014,4,Buenos Aires,1575978,1070135,120528,17728,32038,2816407,1593783,1132840,126963,20449,32518,2906556,ADSL
2015,1,Buenos Aires,1583135,1096836,134177,18754,28940,2861842,1607497,1091537,122938,18082,32678,2872735,ADSL
2015,2,Buenos Aires,1581770,1141052,115660,19268,26040,2883790,1614797,1118772,136860,19129,29518,2919078,ADSL
2015,3,Buenos Aires,1585467,1183894,113590,19989,25825,2928765,1613405,1163873,117973,19653,26560,2941465,ADSL
2015,4,Buenos Aires,1586343,1223603,103269,20397,25773,2959385,1617176,1207571,115861,20388,26341,2987340,ADSL
2016,1,Buenos Aires,1583560,1200859,111231,21108,25757,2942515,1618069,1248075,105334,20804,26288,3018572,ADSL
2016,2,Buenos Aires,1579448,1305949,113070,21163,25661,3045291,1615231,1224876,113455,21530,26272,3001365,ADSL
2016,3,Buenos Aires,1574216,1355770,113463,18867,24276,3086592,1611036,1332067,115331,21586,26174,3106196,ADSL
2016,4,Buenos Aires,1563542,1414676,118747,21394,24342,3142701,1605700,1382885,115732,19244,24761,3148323,ADSL
2017,1,Buenos Aires,1559178,1465817,118839,21200,24342,3189376,1594812,1442969,121121,21821,24828,3205555,ADSL
2017,2,Buenos Aires,1378549,1535037,119132,21555,24358,3078631,1590361,1495133,121215,21624,24828,3253163,Cablemodem
2017,3,Buenos Aires,1288025,1571180,124920,35058,38777,3057960,1406119,1565737,121514,21986,24845,3140203,Cablemodem
2017,4,Buenos Aires,1241172,1718013,131181,60082,31448,3181896,1313785,1602603,127418,35759,39552,3119119,Cablemodem
2018,1,Buenos Aires,1452061,1793884,133928,64379,31194,3475446,1265995,1752373,133804,61283,32076,3245533,Cablemodem
2018,2,Buenos Aires,1450203,1807868,143626,71256,27746,3500699,1481102,1829761,136606,65666,31817,3544954,Cablemodem
2018,3,Buenos Aires,1435856,1929273,156382,62318,26448,3610277,1479207,1844025,146498,72681,28300,3570712,Cablemodem
2018,4,Buenos Aires,1305576,1949637,296102,65477,19814,3636606,1464573,1967858,159509,63564,26976,3682482,Cablemodem
2019,1,Buenos Aires,1304507,2020730,336362,64867,20201,3746667,1331687,1988629,302024,66786,20210,3709338,Cablemodem
2019,2,Buenos Aires,1284658,2079900,382971,75240,32929,3855698,1330597,2061144,343089,66164,20605,3821600,Cablemodem
2019,3,Buenos Aires,1277249,2144956,425386,85572,27070,3960233,1310351,2121498,390630,76744,33587,3932811,Cablemodem
2019,4,Buenos Aires,720011,2191672,669194,87111,18266,3686254,1302793,2187855,433893,87283,27611,4039437,Cablemodem
2020,1,Buenos Aires,673237,2210349,720688,85443,18334,3708051,734411,2235505,682577,88853,18631,3759979,Cablemodem
2020,2,Buenos Aires,661272,2244277,723072,91736,57189,3777546,686701,2254555,735101,87151,18700,3782212,Cablemodem
2020,3,Buenos Aires,653930,2384557,749087,94162,55541,3937277,674497,2289162,737533,93570,58332,3853096,Cablemodem
2020,4,Buenos Aires,635651,2441248,804991,93444,57927,4033261,667008,2432248,764068,96045,56651,4016022,Cablemodem
2021,1,Buenos Aires,629679,2452056,821597,98806,57864,4060002,648364,2490072,821090,95312,59085,4113926,Cablemodem
2021,2,Buenos Aires,603255,2503830,854173,113546,57547,4132351,642272,2501097,838028,100782,59021,4141202,Cablemodem
2021,3,Buenos Aires,585729,2595485,885613,120228,64554,4251609,615320,2553906,871256,115816,58697,4214998,Cablemodem
2021,4,Buenos Aires,426325,2706506,1176024,126887,73415,4509157,597443,2647394,903325,122632,65845,4336641,Cablemodem
2022,1,Buenos Aires,392045,2728865,1242121,125521,66872,4555424,434851,2760636,1199544,129424,74883,4599340,Cablemodem
2022,2,Buenos Aires,350652,2719613,1399043,126847,71028,4667183,399885,2783442,1266963,128031,68209,4646532,Cablemodem
2022,3,Buenos Aires,339648,2748325,1436433,126846,70416,4721668,357665,2774005,1427023,129383,72448,4760526,Cablemodem
2022,4,Buenos Aires,325908,2767247,1499149,129910,72451,4794665,346440,2803291,1465161,129382,71824,4816101,Cablemodem
2023,1,Buenos Aires,304583,2761043,1551074,132458,71770,4820928,332426,2822591,1529131,132508,73900,4890558,Cablemodem
2023,2,Buenos Aires,265537,2766463,1645945,138405,69138,4885488,310674,2816263,1582095,135107,73205,4917346,Cablemodem
2023,3,Buenos Aires,237705,2784175,1740239,137921,68197,4968237,270847,2821792,1678863,141173,70520,4983197,Cablemodem
2023,4,Buenos Aires,223391,2797700,1784593,137993,67943,5011620,242459,2839858,1775043,140679,69560,5067601,Cablemodem
2024,2,Buenos Aires,214055,2722466,1849476,138638,64745,4989380,227858,2853654,1820284,140752,69301,5111852,Cablemodem
2014,1,Capital Federal,445569,820161,17767,1866,14555,1299918,0,0,0,0,0,0,Cablemodem
2014,2,Capital Federal,447637,828411,17729,1883,14555,1310215,454480,836564,18122,1903,14846,1325916,Cablemodem
2014,3,Capital Federal,450155,833402,17886,1995,14387,1317825,456589,844979,18083,1920,14846,1336419,Cablemodem
2014,4,Capital Federal,455785,840224,17155,1962,15394,1330520,459158,850070,18243,2034,14674,1344181,Cablemodem
2015,1,Capital Federal,454934,841743,19334,1994,14716,1332721,464900,857028,17498,2001,15701,1357130,Cablemodem
2015,2,Capital Federal,453178,858342,19786,2172,12806,1346284,464032,858577,19720,2033,15010,1359375,Cablemodem
2015,3,Capital Federal,454815,871262,30974,2229,12788,1372068,462241,875508,20181,2215,13062,1373209,Cablemodem
2015,4,Capital Federal,455427,879950,19818,2273,12758,1370226,463911,888687,31593,2273,13043,1399509,Cablemodem
2016,1,Capital Federal,454425,832126,36332,2284,12729,1337896,464535,897549,20214,2318,13013,1397630,Cablemodem
2016,2,Capital Federal,450644,892209,36669,2390,12672,1394584,463513,848768,37058,2329,12983,1364653,Cablemodem
2016,3,Capital Federal,447726,905105,36796,2514,10963,1403104,459656,910053,37402,2437,12925,1422475,Cablemodem
2016,4,Capital Federal,434835,914952,38161,2583,10928,1401459,456680,923207,37531,2564,11182,1431166,Cablemodem
2017,1,Capital Federal,428801,918328,38259,2730,10928,1399046,443531,933251,38924,2634,11146,1429488,Cablemodem
2017,2,Capital Federal,615262,932466,38628,2819,11016,1600191,437377,936694,39024,2784,11146,1427026,Cablemodem
2017,3,Capital Federal,583249,941092,33481,2814,9723,1570359,627567,951115,39400,2875,11236,1632194,Cablemodem
2017,4,Capital Federal,571363,961688,36277,3119,9877,1582324,594913,959913,34150,2870,9917,1601766,Cablemodem
2018,1,Capital Federal,349995,968483,35535,3164,9393,1366570,582790,980921,37002,3181,10074,1613970,Cablemodem
2018,2,Capital Federal,342431,977916,35610,3908,9321,1369186,356994,987852,36245,3227,9580,1393901,Cablemodem
2018,3,Capital Federal,334353,1009252,35694,3872,9319,1392490,349279,997474,36322,3986,9507,1396569,Cablemodem
2018,4,Capital Federal,328253,1019490,33042,3978,4257,1389020,341040,1029437,36407,3949,9505,1420339,Cablemodem
2019,1,Capital Federal,328246,1030814,32281,3978,4281,1399600,334818,1039879,33702,4057,4342,1416800,Cablemodem
2019,2,Capital Federal,309937,1061358,36082,3962,4281,1415620,334810,1051430,32926,4057,4366,1427592,Cablemodem
2019,3,Capital Federal,300288,1080973,24900,3895,31155,1441211,316135,1082585,36803,4041,4366,1443932,Cablemodem
2019,4,Capital Federal,196938,1093143,35534,3914,28576,1358105,306293,1102592,25398,3972,31778,1470035,Cablemodem
2020,1,Capital Federal,184494,1097635,38898,3911,28556,1353494,200876,1115005,36244,3992,29147,1385267,Cablemodem
2020,2,Capital Federal,178896,1106133,39482,3937,29373,1357821,188183,1119587,39675,3989,29127,1380563,Cablemodem
2020,3,Capital Federal,170375,1129573,39417,3936,29374,1372675,182473,1128255,40271,4015,29960,1384977,Cablemodem
2020,4,Capital Federal,163060,1142528,39890,4815,29237,1379530,173782,1152164,40205,4014,29961,1400128,Cablemodem
2021,1,Capital Federal,159805,1145093,39980,5559,29236,1379673,166321,1165378,40687,4911,29821,1407120,Cablemodem
2021,2,Capital Federal,148989,1175097,41318,5580,29371,1400355,163001,1167994,40779,5670,29820,1407266,Cablemodem
2021,3,Capital Federal,142902,1192107,42966,6059,29371,1413405,151968,1198598,42144,5691,29958,1428362,Cablemodem
2021,4,Capital Federal,111360,1205128,60005,5679,29947,1412119,145760,1215949,43825,6180,29958,1441673,Cablemodem
2022,1,Capital Federal,102290,1217225,62308,5784,29934,1417541,113587,1229230,61205,5792,30545,1440361,Cablemodem
2022,2,Capital Federal,145491,1232226,121506,5757,31791,1536771,104335,1241569,63554,5899,30532,1445891,Cablemodem
2022,3,Capital Federal,140791,1240125,129218,5758,31787,1547679,148400,1256870,123936,5872,32426,1567506,Cablemodem
2022,4,Capital Federal,138753,1238196,138548,4603,31826,1551926,143606,1264927,131802,5873,32422,1578632,Cablemodem
2023,1,Capital Federal,132149,1223930,156222,4605,31823,1548729,141528,1262959,141318,4695,32462,1582964,Cablemodem
2023,2,Capital Federal,68348,1218631,136295,4504,29900,1457678,134791,1248408,159346,4697,32459,1579703,Cablemodem
2023,3,Capital Federal,60765,1205339,167428,4629,29823,1467984,69714,1243003,139020,4594,30498,1486831,Cablemodem
2023,4,Capital Federal,58700,1198835,182520,4492,29820,1474367,61980,1229445,170776,4721,30419,1497343,Cablemodem
2024,1,Capital Federal,70108,1177475,203756,4493,48879,1504711,59874,1222811,186170,4581,30416,1503854,Cablemodem
2024,2,Capital Federal,54102,1144781,230402,4493,29821,1463599,71510,1201024,207831,4582,49856,1534805,Cablemodem
2014,1,Catamarca,24126,46,17,0,43,24232,0,0,0,0,0,0,ADSL
2014,2,Catamarca,24380,243,17,0,43,24683,24608,46,17,0,43,24716,ADSL
2014,3,Catamarca,24380,244,15,0,47,24686,24867,247,17,0,43,25176,ADSL
2014,4,Catamarca,25192,241,16,0,44,25493,24867,248,15,0,47,25179,ADSL
2015,1,Catamarca,25033,241,16,1,41,25332,25695,245,16,0,44,26002,ADSL
2015,2,Catamarca,25387,242,15,1,34,25679,25533,245,16,1,41,25838,ADSL
2015,3,Catamarca,25801,242,15,1,34,26093,25894,246,15,1,34,26192,ADSL
2015,4,Catamarca,26180,242,15,1,34,26472,26317,246,15,1,34,26614,ADSL
2016,1,Catamarca,26096,243,15,1,34,26389,26703,246,15,1,34,27001,ADSL
2016,2,Catamarca,26262,245,14,1,34,26556,26617,247,15,1,34,26916,ADSL
2016,3,Catamarca,26689,248,14,1,18,26970,26787,249,14,1,34,27087,ADSL
2016,4,Catamarca,26735,250,14,1,34,27034,27222,252,14,1,18,27509,ADSL
2017,1,Catamarca,26020,248,14,1,34,26317,27269,255,14,1,34,27574,ADSL
2017,2,Catamarca,26401,255,14,1,34,26705,26540,252,14,1,34,26843,ADSL
2017,3,Catamarca,26873,4411,12,1,2181,33478,26929,260,14,1,34,27239,ADSL
2017,4,Catamarca,27083,263,11,1,2200,29558,27410,4499,12,1,2224,34147,ADSL
2018,1,Catamarca,27300,4415,15,1,2214,33945,27624,268,11,1,2244,30149,ADSL
2018,2,Catamarca,27444,4415,15,1,2214,34089,27846,4503,15,1,2258,34623,ADSL
2018,3,Catamarca,27553,4443,15,1,2214,34226,27992,4503,15,1,2258,34770,ADSL
2018,4,Catamarca,26912,4443,16,0,2212,33583,28104,4531,15,1,2258,34910,ADSL
2019,1,Catamarca,26912,4443,16,0,2251,33622,27450,4531,16,0,2256,34254,ADSL
2019,2,Catamarca,25682,5543,13,146,2251,33635,27450,4531,16,0,2296,34294,ADSL
2019,3,Catamarca,24349,5543,13,244,2251,32400,26195,5653,13,148,2296,34307,ADSL
2019,4,Catamarca,22999,3318,9506,261,2227,38311,24835,5653,13,248,2296,33048,ADSL
2020,1,Catamarca,21945,3146,12056,261,2227,39635,23458,3384,9696,266,2271,39077,ADSL
2020,2,Catamarca,26968,3641,14878,261,2228,47976,22383,3208,12297,266,2271,40427,ADSL
2020,3,Catamarca,26868,3690,16857,261,2228,49904,27507,3713,15175,266,2272,48935,ADSL
2020,4,Catamarca,26870,5115,17856,322,2233,52396,27405,3763,17194,266,2272,50902,ADSL
2021,1,Catamarca,26316,4409,18688,322,2233,51968,27407,5217,18213,328,2277,53443,ADSL
2021,2,Catamarca,20305,9426,22331,1449,2233,55744,26842,4497,19061,328,2277,53007,Fibra optica
2021,3,Catamarca,18413,11709,22331,1568,2233,56254,20711,9614,22777,1477,2277,56858,Fibra optica
2021,4,Catamarca,16385,13858,25100,1512,2235,59090,18781,11943,22777,1599,2277,57379,Fibra optica
2022,1,Catamarca,14181,15517,29118,1328,2234,62378,16712,14135,25602,1542,2279,60271,Fibra optica
2022,2,Catamarca,11928,9430,42087,1329,2234,67008,14464,15827,29700,1354,2278,63625,Fibra optica
2022,3,Catamarca,10010,10495,46224,1329,2235,70293,12166,9618,42928,1355,2278,68348,Fibra optica
2022,4,Catamarca,8952,10998,47337,1379,2243,70909,10210,10704,47148,1355,2279,71698,Fibra optica
2023,1,Catamarca,6980,10655,50230,1384,2243,71492,9131,11217,48283,1406,2287,72327,Fibra optica
2023,2,Catamarca,7637,10700,53177,1384,92,72990,7119,10868,51234,1411,2287,72921,Fibra optica
2023,3,Catamarca,7164,11066,54650,1384,91,74355,7789,10914,54240,1411,93,74449,Fibra optica
2023,4,Catamarca,6669,11016,55437,1384,81,74587,7307,11287,55743,1411,92,75842,Fibra optica
2024,1,Catamarca,5901,11025,56542,1384,81,74933,6802,11236,56545,1411,82,76078,Fibra optica
2024,2,Catamarca,4951,10303,58355,1384,81,75074,6019,11245,57672,1411,82,76431,Fibra optica
2014,1,Chaco,52971,9497,30,0,58,62556,0,0,0,0,0,0,ADSL
2014,2,Chaco,53321,9870,30,0,58,63279,54030,9686,30,0,59,63807,ADSL
2014,3,Chaco,53321,10336,29,1,59,63746,54387,10067,30,0,59,64544,ADSL
2014,4,Chaco,55024,10918,31,0,62,66035,54387,10542,29,1,60,65020,ADSL
2015,1,Chaco,54952,26161,164,27,56,81360,56124,11136,31,0,63,67355,ADSL
2015,2,Chaco,55767,27809,179,52,41,83848,56051,26684,167,27,57,82987,ADSL
2015,3,Chaco,56282,28809,186,52,41,85370,56882,28365,182,53,41,85524,ADSL
2015,4,Chaco,56818,29456,186,52,41,86553,57407,29385,189,53,41,87077,ADSL
2016,1,Chaco,56353,29994,211,52,41,86651,57954,30045,189,53,41,88284,ADSL
2016,2,Chaco,56112,31825,221,52,41,88251,57480,30593,215,53,41,88384,ADSL
2016,3,Chaco,56251,32730,232,2,15,89230,57234,32461,225,53,41,90016,ADSL
2016,4,Chaco,54974,33534,248,52,39,88847,57376,33384,236,2,15,91014,ADSL
2017,1,Chaco,54430,34277,252,52,39,89050,56073,34204,252,53,39,90623,ADSL
2017,2,Chaco,54449,35613,458,52,39,90611,55518,34962,257,53,39,90831,ADSL
2017,3,Chaco,54888,37307,456,36,1072,93759,55537,36325,467,53,39,92423,ADSL
2017,4,Chaco,55035,39690,389,380,1121,96615,55985,38053,465,36,1093,95634,ADSL
2018,1,Chaco,54879,40157,383,388,1130,96937,56135,40483,396,387,1143,98547,ADSL
2018,2,Chaco,54134,40750,562,1946,1129,98521,55976,40960,390,395,1152,98875,ADSL
2018,3,Chaco,53927,42359,1990,2628,1129,102033,55216,41565,573,1984,1151,100491,ADSL
2018,4,Chaco,53409,43555,1940,3236,1130,103270,55005,43206,2029,2680,1151,104073,ADSL
2019,1,Chaco,53409,43555,1951,3628,1134,103677,54477,44426,1978,3300,1152,105335,ADSL
2019,2,Chaco,50765,47448,4203,4727,1591,108734,54477,44426,1990,3700,1156,105750,ADSL
2019,3,Chaco,50416,49156,8063,5224,1592,114451,51780,48396,4287,4821,1622,110908,ADSL
2019,4,Chaco,48661,53602,8831,5229,1580,117903,51424,50139,8224,5328,1623,116740,Cablemodem
2020,1,Chaco,46356,54144,11958,6239,1580,120277,49634,54674,9007,5333,1611,120261,Cablemodem
2020,2,Chaco,46816,56017,17266,6452,1581,128132,47283,55226,12197,6363,1611,122682,Cablemodem
2020,3,Chaco,45745,58825,20675,6706,2003,133954,47752,57137,17611,6581,1612,130694,Cablemodem
2020,4,Chaco,44332,61200,23687,7997,1875,139091,46659,60001,21088,6840,2043,136633,Cablemodem
2021,1,Chaco,43214,61251,25426,8004,1875,139770,45218,62424,24160,8156,1912,141872,Cablemodem
2021,2,Chaco,39826,62948,27584,8018,2353,140729,44078,62476,25934,8164,1912,142565,Cablemodem
2021,3,Chaco,38258,63659,27583,8018,2353,139871,40622,64206,28135,8178,2400,143543,Cablemodem
2021,4,Chaco,35548,63145,34688,8005,2359,143745,39023,64932,28134,8178,2400,142668,Cablemodem
2022,1,Chaco,32391,64546,36662,8164,2356,144119,36258,64407,35381,8165,2406,146619,Cablemodem
2022,2,Chaco,29552,61284,42194,8178,2356,143564,33038,65836,37395,8327,2403,147001,Cablemodem
2022,3,Chaco,27164,61800,44645,8178,2359,144146,30143,62509,43037,8341,2403,146435,Cablemodem
2022,4,Chaco,24582,61265,47285,7957,2574,143663,27707,63036,45537,8341,2406,147028,Cablemodem
2023,1,Chaco,21243,60727,49756,8142,2574,142442,25073,62490,48230,8116,2625,146536,Cablemodem
2023,2,Chaco,19115,59944,51955,8267,2574,141855,21667,61941,50751,8304,2625,145290,Cablemodem
2023,3,Chaco,16420,60058,54993,8267,2408,142146,19497,61142,52994,8432,2625,144692,Cablemodem
2023,4,Chaco,14000,60277,62301,8404,2404,147386,16748,61259,56092,8432,2456,144988,Fibra optica
2024,1,Chaco,11343,58929,64463,8404,12404,155543,14280,61482,63547,8572,2452,150333,Fibra optica
2024,2,Chaco,9448,57935,68944,8407,2358,147092,11569,60107,65752,8572,12652,158653,Fibra optica
2014,1,Chubut,51066,539,866,10776,6974,70221,0,0,0,0,0,0,ADSL
2014,2,Chubut,51070,649,866,10960,6974,70519,52087,549,883,10991,7113,71625,ADSL
2014,3,Chubut,49219,668,882,11853,6515,69137,52091,661,883,11179,7113,71929,ADSL
2014,4,Chubut,48539,697,891,12256,6159,68542,50203,681,899,12090,6645,70519,ADSL
2015,1,Chubut,45645,717,906,12540,5465,65273,49509,710,908,12501,6282,69912,ADSL
2015,2,Chubut,43949,762,916,13055,4803,63485,46557,731,924,12790,5574,66578,ADSL
2015,3,Chubut,43964,792,916,13408,4803,63883,44827,777,934,13316,4899,64754,ADSL
2015,4,Chubut,43968,811,916,13521,4803,64019,44843,807,934,13676,4899,65160,ADSL
2016,1,Chubut,43967,834,916,13280,4803,63800,44847,827,934,13791,4899,65299,ADSL
2016,2,Chubut,43977,867,916,13293,4803,63856,44846,850,934,13545,4899,65076,ADSL
2016,3,Chubut,43987,935,916,13364,4750,63952,44856,884,934,13558,4899,65133,ADSL
2016,4,Chubut,43994,955,916,13107,4793,63765,44866,953,934,13631,4845,65231,ADSL
2017,1,Chubut,43994,999,916,13194,4793,63896,44873,974,934,13369,4888,65040,ADSL
2017,2,Chubut,43994,1067,916,13194,4804,63975,44873,1018,934,13457,4888,65173,ADSL
2017,3,Chubut,56359,5645,1217,13503,6820,83544,44873,1088,934,13457,4900,65254,ADSL
2017,4,Chubut,56378,15097,1187,14070,6708,93440,57486,5757,1241,13773,6956,85214,ADSL
2018,1,Chubut,56375,19591,1194,14070,6729,97959,57505,15398,1210,14351,6842,95308,ADSL
2018,2,Chubut,58935,19591,1239,14070,6729,100564,57502,19982,1217,14351,6863,99918,ADSL
2018,3,Chubut,58887,23065,1239,13817,6728,103736,60113,19982,1263,14351,6863,102575,ADSL
2018,4,Chubut,37215,23065,952,14443,3047,78722,60064,23526,1263,14093,6862,105810,ADSL
2019,1,Chubut,37302,23065,1923,14443,3045,79778,37959,23526,971,14731,3107,80296,ADSL
2019,2,Chubut,37313,26338,1917,14443,7545,87556,38048,23526,1961,14731,3105,81373,ADSL
2019,3,Chubut,37298,27090,1917,15149,7551,89005,38059,26864,1955,14731,7695,89307,ADSL
2019,4,Chubut,47045,26977,1324,15267,5489,96102,38043,27631,1955,15451,7702,90785,ADSL
2020,1,Chubut,45763,27287,1324,16885,5479,96738,47985,27516,1350,15572,5598,98024,ADSL
2020,2,Chubut,45761,38279,1324,17678,5614,108656,46678,27832,1350,17222,5588,98672,ADSL
2020,3,Chubut,45761,39386,2897,23216,18767,130027,46676,39044,1350,18031,5726,110829,ADSL
2020,4,Chubut,45703,39756,3040,23363,18712,130574,46676,40173,2954,23680,19142,132627,ADSL
2021,1,Chubut,45501,40960,3444,23723,18712,132340,46617,40551,3100,23830,19086,133185,ADSL
2021,2,Chubut,49271,41497,6081,23682,18706,139237,46411,41779,3512,24197,19086,134986,ADSL
2021,3,Chubut,49269,55794,8946,23376,18681,156066,50256,42326,6202,24155,19080,142021,Cablemodem
2021,4,Chubut,46361,57412,9655,28041,18839,160308,50254,56909,9124,23843,19054,159187,Cablemodem
2022,1,Chubut,44133,66667,9184,30592,21052,171628,47288,58560,9848,28601,19215,163514,Cablemodem
2022,2,Chubut,45377,69242,9574,29784,8828,162805,45015,68000,9367,31203,21473,175060,Cablemodem
2022,3,Chubut,45377,72212,9574,29784,8831,165778,46284,70626,9765,30379,9004,166061,Cablemodem
2022,4,Chubut,45450,73923,9815,30721,8850,168759,46284,73656,9765,30379,9007,169093,Cablemodem
2023,1,Chubut,45448,73525,9815,30521,10744,170053,46359,75401,10011,31335,9027,172134,Cablemodem
2023,2,Chubut,33702,73689,16111,30521,9938,163961,46356,74995,10011,31131,10958,173454,Cablemodem
2023,3,Chubut,26352,75460,25827,30521,9908,168068,34376,75162,16433,31131,10136,167240,Cablemodem
2023,4,Chubut,26306,77217,26174,30543,9930,170170,26879,76969,26343,31131,10106,171429,Cablemodem
2024,1,Chubut,26306,77217,26356,30867,9930,170676,26832,78761,26697,31153,10128,173573,Cablemodem
2024,2,Chubut,25955,80704,26516,31118,9930,174223,26832,78761,26883,31484,10128,174089,Cablemodem
2014,1,Corrientes,52565,8279,31,1306,55,62236,0,0,0,0,0,0,ADSL
2014,2,Corrientes,52883,8680,31,1309,55,62958,53616,8444,31,1332,56,63480,ADSL
2014,3,Corrientes,52957,9184,31,1312,65,63549,53940,8853,31,1335,56,64217,ADSL
2014,4,Corrientes,54754,9526,40,1315,75,65710,54016,9367,31,1338,66,64819,ADSL
2015,1,Corrientes,54649,25372,129,1319,62,81531,55849,9716,40,1341,76,67024,ADSL
2015,2,Corrientes,55238,26553,157,1321,47,83316,55741,25879,131,1345,63,83161,ADSL
2015,3,Corrientes,55792,27604,176,1340,47,84959,56342,27084,160,1347,47,84982,ADSL
2015,4,Corrientes,55681,28178,177,1354,45,85435,56907,28156,179,1366,47,86658,ADSL
2016,1,Corrientes,55454,28491,192,1354,45,85536,56794,28741,180,1381,45,87143,ADSL
2016,2,Corrientes,55511,29845,203,1354,43,86956,56563,29060,195,1381,45,87246,ADSL
2016,3,Corrientes,55934,30813,217,1354,22,88340,56621,30441,207,1381,43,88695,ADSL
2016,4,Corrientes,54981,31497,233,1354,31,88096,57052,31429,221,1381,22,90106,ADSL
2017,1,Corrientes,54993,31994,236,1354,31,88608,56080,32126,237,1381,31,89857,ADSL
2017,2,Corrientes,55262,33192,258,1354,31,90097,56092,32633,240,1381,31,90380,ADSL
2017,3,Corrientes,56247,33993,947,1334,27,92548,56367,33855,263,1381,31,91898,ADSL
2017,4,Corrientes,56786,34722,894,1334,35,93771,57371,34672,965,1360,27,94398,ADSL
2018,1,Corrientes,56937,35225,888,1334,33,94417,57921,35416,911,1360,35,95646,ADSL
2018,2,Corrientes,56541,39715,201,1468,32,97957,58075,35929,905,1360,33,96305,ADSL
2018,3,Corrientes,56444,41300,212,1468,32,99456,57671,40509,205,1497,32,99916,ADSL
2018,4,Corrientes,55842,42418,796,1515,30,100601,57572,42126,216,1497,32,101445,ADSL
2019,1,Corrientes,55842,43444,1615,1528,58,102487,56958,43266,811,1545,30,102613,ADSL
2019,2,Corrientes,53835,47431,1701,2444,6138,111549,56958,44312,1647,1558,59,104536,ADSL
2019,3,Corrientes,53344,50230,1888,2458,4839,112759,54911,48379,1735,2492,6260,113779,ADSL
2019,4,Corrientes,52525,51845,2002,2458,5004,113834,54410,51234,1925,2507,4935,115014,ADSL
2020,1,Corrientes,51126,53231,2172,2437,5004,113970,53575,52881,2042,2507,5104,116110,Cablemodem
2020,2,Corrientes,51248,55536,3144,3927,5011,118866,52148,54295,2215,2485,5104,116249,Cablemodem
2020,3,Corrientes,50858,58681,2960,5513,5379,123391,52272,56646,3206,4005,5111,121243,Cablemodem
2020,4,Corrientes,50102,61495,3146,5626,5290,125659,51875,59854,3019,5623,5486,125858,Cablemodem
2021,1,Corrientes,49160,62876,3337,5949,5303,126625,51104,62724,3208,5738,5395,128172,Cablemodem
2021,2,Corrientes,46648,67262,3731,6557,5303,129501,50143,64133,3403,6067,5409,129157,Cablemodem
2021,3,Corrientes,44805,69403,7542,6766,5303,133819,47580,68607,3805,6688,5409,132091,Cablemodem
2021,4,Corrientes,42523,71183,10138,6778,5290,135912,45701,70791,7692,6901,5409,136495,Cablemodem
2022,1,Corrientes,40462,79093,10875,6774,5374,142578,43373,72606,10340,6913,5395,138630,Cablemodem
2022,2,Corrientes,38468,75769,18181,7256,5323,144997,41271,80674,11092,6909,5481,145429,Cablemodem
2022,3,Corrientes,36508,77140,18619,7256,5323,144846,39237,77284,18544,7401,5429,147896,Cablemodem
2022,4,Corrientes,34038,80283,26752,9082,5298,155453,37238,78682,18991,7401,5429,147742,Cablemodem
2023,1,Corrientes,29577,81116,30016,11071,5240,157020,34718,81888,27287,9263,5403,158562,Cablemodem
2023,2,Corrientes,26821,82977,32834,10407,5255,158294,30168,82738,30616,11292,5344,160160,Cablemodem
2023,3,Corrientes,24253,83897,36032,10407,5240,159829,27357,84636,33490,10615,5360,161459,Cablemodem
2023,4,Corrientes,21769,86102,35968,10402,5231,159472,24738,85574,36752,10615,5344,163025,Cablemodem
2024,1,Corrientes,18390,85595,38268,10409,5232,157894,22204,87824,36687,10610,5335,162661,Cablemodem
2024,2,Corrientes,14849,86226,39792,10295,5313,156475,18757,87306,39033,10617,5336,161051,Cablemodem
2014,1,Córdoba,336841,225769,347,3585,368,566910,0,0,0,0,0,0,ADSL
2014,2,Córdoba,337825,234729,351,3673,374,576952,343577,230284,353,3656,375,578248,ADSL
2014,3,Córdoba,340212,240334,444,4064,377,585431,344581,239423,358,3746,381,588491,ADSL
2014,4,Córdoba,345157,240452,419,3918,486,590432,347016,245140,452,4145,384,597139,ADSL
2015,1,Córdoba,343883,247564,415,4645,450,596957,352060,245261,427,3996,495,602240,ADSL
2015,2,Córdoba,348130,255596,435,5199,386,609746,350760,252515,423,4737,459,608896,ADSL
2015,3,Córdoba,351692,264055,1450,5412,389,622998,355092,260707,443,5302,393,621940,ADSL
2015,4,Córdoba,353530,266062,480,5613,385,626070,358725,269336,1479,5520,396,635457,ADSL
2016,1,Córdoba,350884,252346,674,5636,386,609926,360600,271383,489,5725,392,638591,ADSL
2016,2,Córdoba,348891,277615,1709,5610,1089,634914,357901,257392,687,5748,393,622124,ADSL
2016,3,Córdoba,348481,285480,2540,5695,395,642591,355868,283167,1743,5722,1110,647612,ADSL
2016,4,Córdoba,337368,289344,3368,5686,789,636555,355450,291189,2590,5808,402,655442,ADSL
2017,1,Córdoba,335673,293479,4871,5782,1394,641199,344115,295130,3435,5799,804,649286,ADSL
2017,2,Córdoba,341748,303488,4451,6446,1505,657638,342386,299348,4968,5897,1421,654022,ADSL
2017,3,Córdoba,344580,319360,10579,7137,14988,696644,348582,309557,4540,6574,1535,670790,ADSL
2017,4,Córdoba,349710,324709,12778,12043,10739,709979,351471,325747,10790,7279,15287,710576,ADSL
2018,1,Córdoba,349342,326894,13178,13237,11275,713926,356704,331203,13033,12283,10953,724178,ADSL
2018,2,Córdoba,345141,327636,13832,16355,10109,713073,356328,333431,13441,13501,11500,728204,ADSL
2018,3,Córdoba,337620,342401,15785,19213,10839,725858,352043,334188,14108,16682,10311,727334,Cablemodem
2018,4,Córdoba,328854,355716,17675,21851,13243,737339,344372,349249,16100,19597,11055,740375,Cablemodem
2019,1,Córdoba,323272,363959,19902,24615,12367,744115,335431,362830,18028,22288,13507,752085,Cablemodem
2019,2,Córdoba,314768,388254,23023,33847,15236,775128,329737,371238,20300,25107,12614,758997,Cablemodem
2019,3,Córdoba,307780,399231,30064,37277,8701,783053,321063,396019,23483,34523,15540,790630,Cablemodem
2019,4,Córdoba,296872,410038,53335,37750,8693,806688,313935,407215,30665,38022,8875,798714,Cablemodem
2020,1,Córdoba,286168,406109,68512,41617,8693,811099,302809,418238,54401,38505,8866,822821,Cablemodem
2020,2,Córdoba,282858,415007,85818,44522,8263,836468,291891,414231,69882,42449,8866,827320,Cablemodem
2020,3,Córdoba,276360,430771,102217,48368,9756,867472,288515,423307,87534,45412,8428,853197,Cablemodem
2020,4,Córdoba,267396,439322,125620,52827,17536,902701,281887,439386,104261,49335,9951,884821,Cablemodem
2021,1,Córdoba,260350,444695,134634,54137,17065,910881,272743,448108,128132,53883,17886,920755,Cablemodem
2021,2,Córdoba,239780,467782,151855,55944,15519,930880,265557,453588,137326,55219,17406,929098,Cablemodem
2021,3,Córdoba,229275,477223,167495,57617,15178,946788,244575,477137,154892,57062,15829,949497,Cablemodem
2021,4,Córdoba,212011,487489,217214,61277,8779,986770,233860,486767,170844,58769,15481,965723,Cablemodem
2022,1,Córdoba,195610,501799,235838,60843,9713,1003803,216251,497238,221558,62502,8954,1006505,Cablemodem
2022,2,Córdoba,179181,467595,308895,61107,9657,1026435,199522,511834,240554,62059,9907,1023879,Cablemodem
2022,3,Córdoba,163770,465461,338570,61070,9797,1038668,182764,476946,315072,62329,9850,1046963,Cablemodem
2022,4,Córdoba,152265,456947,367393,61631,11424,1049660,167045,474770,345341,62291,9992,1059441,Cablemodem
2023,1,Córdoba,136976,455139,386297,61066,10494,1049972,155310,466085,374740,62863,11652,1070653,Cablemodem
2023,2,Córdoba,129303,453924,411703,62391,10430,1067751,139715,464241,394022,62287,10703,1070971,Cablemodem
2023,3,Córdoba,125050,453994,417338,62514,10438,1069334,131889,463002,419937,63638,10638,1089106,Cablemodem
2023,4,Córdoba,115662,452380,440536,61862,8862,1079302,127551,463073,425684,63764,10646,1090720,Cablemodem
2024,1,Córdoba,102812,449784,458985,61121,9497,1082199,117975,461427,449346,63099,9039,1100888,Fibra optica
2024,2,Córdoba,93483,443091,477504,62162,9534,1085774,104868,458779,468164,62343,9686,1103842,Fibra optica
2014,1,Entre Ríos,107883,21379,49,4887,133,134331,0,0,0,0,0,0,ADSL
2014,2,Entre Ríos,108900,21706,49,4795,133,135583,110040,21806,49,4984,135,137017,ADSL
2014,3,Entre Ríos,108907,22440,48,5203,135,136733,111078,22140,49,4890,135,138294,ADSL
2014,4,Entre Ríos,112291,23027,57,5178,260,140813,111085,22888,48,5307,137,139467,ADSL
2015,1,Entre Ríos,112363,47411,108,5943,245,166070,114536,23487,58,5281,265,143629,ADSL
2015,2,Entre Ríos,113378,49767,119,6031,197,169492,114610,48359,110,6061,249,169391,ADSL
2015,3,Entre Ríos,113909,51945,122,6261,197,172434,115645,50762,121,6151,200,172881,ADSL
2015,4,Entre Ríos,113983,53411,122,6427,194,174137,116187,52983,124,6386,200,175882,ADSL
2016,1,Entre Ríos,113101,54948,146,6425,193,174813,116262,54479,124,6555,197,177619,ADSL
2016,2,Entre Ríos,112809,58768,169,6434,193,178373,115363,56046,148,6553,196,178309,ADSL
2016,3,Entre Ríos,112588,61850,206,6441,64,181149,115065,59943,172,6562,196,181940,ADSL
2016,4,Entre Ríos,109359,64141,226,6448,71,180245,114839,63087,210,6569,65,184771,ADSL
2017,1,Entre Ríos,108509,65095,230,6448,71,180353,111546,65423,230,6576,72,183849,ADSL
2017,2,Entre Ríos,108309,67650,254,6448,71,182732,110679,66396,234,6576,72,183960,ADSL
2017,3,Entre Ríos,107774,69596,1786,6245,63,185464,110475,69003,259,6576,72,186386,ADSL
2017,4,Entre Ríos,107764,73692,1894,10267,86,193703,109929,70987,1821,6369,64,189173,ADSL
2018,1,Entre Ríos,106998,75751,3789,10776,80,197394,109919,75165,1931,10472,87,197577,ADSL
2018,2,Entre Ríos,104811,80376,2405,12313,80,199985,109137,77266,3864,10991,81,201341,ADSL
2018,3,Entre Ríos,103318,83714,2403,15093,80,204608,106907,81983,2453,12559,81,203984,ADSL
2018,4,Entre Ríos,101168,86198,4853,15472,14356,222047,105384,85388,2451,15394,81,208700,ADSL
2019,1,Entre Ríos,100999,90253,12723,16231,12241,232447,103191,87921,4950,15781,14643,226487,ADSL
2019,2,Entre Ríos,97081,91081,12764,17369,17529,235824,103018,92058,12977,16555,12485,237095,ADSL
2019,3,Entre Ríos,94947,96305,12888,18530,15432,238102,99022,92902,13019,17716,17879,240540,Cablemodem
2019,4,Entre Ríos,92981,99206,12875,18561,15407,239030,96845,98231,13145,18900,15740,242864,Cablemodem
2020,1,Entre Ríos,90368,95434,13245,18737,14062,231846,94840,101190,13132,18932,15715,243810,Cablemodem
2020,2,Entre Ríos,89391,99423,13954,20042,11303,234113,92175,97342,13509,19111,14343,236482,Cablemodem
2020,3,Entre Ríos,87892,106950,13954,20379,12320,241495,91178,101411,14233,20442,11529,238795,Cablemodem
2020,4,Entre Ríos,85683,113670,15653,20206,12169,247381,89649,109089,14233,20786,12566,246324,Cablemodem
2021,1,Entre Ríos,83688,118424,16846,20836,12169,251963,87396,115943,15966,20610,12412,252328,Cablemodem
2021,2,Entre Ríos,77836,124957,17856,23786,13197,257632,85361,120792,17182,21252,12412,257002,Cablemodem
2021,3,Entre Ríos,74443,128752,20485,23500,13195,260375,79392,127456,18213,24261,13460,262784,Cablemodem
2021,4,Entre Ríos,70459,133387,23452,25022,12726,265046,75931,131327,20894,23970,13458,265582,Cablemodem
2022,1,Entre Ríos,67159,138986,23091,26098,12592,267926,71868,136054,23921,25522,12980,270346,Cablemodem
2022,2,Entre Ríos,63794,131029,35839,26098,12592,269352,68502,141765,23552,26619,12843,273284,Cablemodem
2022,3,Entre Ríos,60345,132952,36971,26098,12593,268959,65069,133649,36555,26619,12843,274739,Cablemodem
2022,4,Entre Ríos,55507,135746,40798,26414,12509,270974,61551,135611,37710,26619,12844,274338,Cablemodem
2023,1,Entre Ríos,51084,141699,44508,26415,11172,274878,56617,138460,41613,26942,12759,276393,Cablemodem
2023,2,Entre Ríos,46503,142562,49251,24461,11170,273947,52105,144532,45398,26943,11395,280375,Cablemodem
2023,3,Entre Ríos,45384,157464,54794,24481,11170,293293,47433,145413,50236,24950,11393,279425,Cablemodem
2023,4,Entre Ríos,41794,159575,61667,24036,11565,298637,46291,160613,55889,24970,11393,299158,Cablemodem
2024,1,Entre Ríos,36574,158283,66180,23950,11565,296552,42629,162766,62900,24516,11796,304609,Cablemodem
2024,2,Entre Ríos,31335,158918,68540,23954,11564,294311,37305,161448,67503,24429,11796,302483,Cablemodem
2014,1,Formosa,20774,4548,0,0,100,25422,0,0,0,0,0,0,ADSL
2014,2,Formosa,20894,4628,0,0,78,25600,21189,4638,0,0,102,25930,ADSL
2014,3,Formosa,21021,4836,0,0,80,25937,21311,4720,0,0,79,26112,ADSL
2014,4,Formosa,21245,4896,1,0,65,26207,21441,4932,0,0,81,26455,ADSL
2015,1,Formosa,21022,4951,1,670,56,26700,21669,4993,1,0,66,26731,ADSL
2015,2,Formosa,21097,5164,2,737,50,27050,21442,5050,1,683,57,27234,ADSL
2015,3,Formosa,21573,5264,2,899,14,27752,21518,5267,2,751,51,27591,ADSL
2015,4,Formosa,21734,5314,4,1023,14,28089,22004,5369,2,916,14,28307,ADSL
2016,1,Formosa,21852,5420,5,1023,14,28314,22168,5420,4,1043,14,28650,ADSL
2016,2,Formosa,22101,5658,6,1023,14,28802,22289,5528,5,1043,14,28880,ADSL
2016,3,Formosa,21800,5905,9,0,2,27716,22543,5771,6,1043,14,29378,ADSL
2016,4,Formosa,22400,6061,16,1023,13,29513,22236,6023,9,0,2,28270,ADSL
2017,1,Formosa,22438,6215,16,1023,13,29705,22848,6182,16,1043,13,30103,ADSL
2017,2,Formosa,22493,6410,17,1023,13,29956,22886,6339,16,1043,13,30299,ADSL
2017,3,Formosa,22647,6816,428,2202,12,32105,22942,6538,17,1043,13,30555,ADSL
2017,4,Formosa,23410,6973,19,1603,51,32056,23099,6952,436,2246,12,32747,ADSL
2018,1,Formosa,23556,7095,17,1603,57,32328,23878,7112,19,1635,52,32697,ADSL
2018,2,Formosa,23543,7311,18,13625,57,44554,24027,7236,17,1635,58,32974,ADSL
2018,3,Formosa,22777,7589,817,13625,57,44865,24013,7457,18,13897,58,45445,ADSL
2018,4,Formosa,22619,7880,887,13761,57,45204,23232,7740,833,13897,58,45762,ADSL
2019,1,Formosa,22570,7878,940,13761,62,45211,23071,8037,904,14036,58,46108,ADSL
2019,2,Formosa,21916,8686,1382,14292,162,46438,23021,8035,958,14036,63,46115,ADSL
2019,3,Formosa,21777,8359,1476,14292,162,46066,22354,8859,1409,14577,165,47366,ADSL
2019,4,Formosa,21567,8684,1760,14531,169,46711,22212,8526,1505,14577,165,46987,ADSL
2020,1,Formosa,21068,8887,1800,14510,169,46434,21998,8857,1795,14821,172,47645,ADSL
2020,2,Formosa,21805,9353,1882,14723,169,47932,21489,9064,1836,14800,172,47362,ADSL
2020,3,Formosa,21790,10003,2000,15023,393,49209,22241,9540,1919,15017,172,48890,ADSL
2020,4,Formosa,21264,10789,2432,15341,380,50206,22225,10203,2040,15323,400,50193,ADSL
2021,1,Formosa,20663,11412,2562,15669,380,50686,21689,11004,2480,15647,387,51210,ADSL
2021,2,Formosa,19571,12509,3610,15690,171,51551,21076,11640,2613,15982,387,51699,ADSL
2021,3,Formosa,18093,14111,4730,15690,171,52795,19962,12759,3682,16003,174,52582,ADSL
2021,4,Formosa,17211,15111,5151,16018,172,53663,18454,14393,4824,16003,174,53850,ADSL
2022,1,Formosa,16397,15927,5146,16876,202,54548,17555,15413,5254,16338,175,54736,Wireless
2022,2,Formosa,15397,25487,9875,16910,212,67881,16724,16245,5248,17213,206,55638,Cablemodem
2022,3,Formosa,14470,25880,11041,16935,212,68538,15704,25996,10072,17248,216,69238,Cablemodem
2022,4,Formosa,13735,17068,13118,17692,227,61840,14759,26397,11261,17273,216,69908,Wireless
2023,1,Formosa,12502,17421,13345,17490,227,60985,14009,17409,13380,18045,231,63076,Wireless
2023,2,Formosa,11934,17678,13698,16813,227,60350,12752,17769,13611,17839,231,62204,Cablemodem
2023,3,Formosa,11230,18053,14904,16899,228,61314,12172,18031,13971,17149,231,61557,Cablemodem
2023,4,Formosa,10252,18325,16179,17061,185,62002,11454,18414,15202,17236,232,62540,Cablemodem
2024,1,Formosa,9147,18631,17908,16851,181,62718,10457,18691,16502,17402,188,63242,Cablemodem
2024,2,Formosa,8488,18768,18977,16430,287,62950,9329,19003,18266,17188,184,63972,Fibra optica
2014,1,Jujuy,29765,4030,23,0,9,33827,0,0,0,0,0,0,ADSL
2014,2,Jujuy,30128,4161,23,40,9,34361,30360,4110,23,0,9,34503,ADSL
2014,3,Jujuy,30128,3541,22,37,13,33741,30730,4244,23,40,9,35048,ADSL
2014,4,Jujuy,31349,4583,22,37,11,36002,30730,3611,22,37,13,34415,ADSL
2015,1,Jujuy,31505,5048,22,0,36,36611,31975,4674,22,37,11,36722,ADSL
2015,2,Jujuy,32183,5482,22,0,35,37722,32135,5148,22,0,36,37343,ADSL
2015,3,Jujuy,32598,6895,22,0,35,39550,32826,5591,22,0,35,38476,ADSL
2015,4,Jujuy,32934,6933,22,0,35,39924,33249,7032,22,0,35,40341,ADSL
2016,1,Jujuy,33481,6751,22,0,35,40289,33592,7071,22,0,35,40722,ADSL
2016,2,Jujuy,33758,7374,22,0,35,41189,34150,6886,22,0,35,41094,ADSL
2016,3,Jujuy,34250,8236,22,0,30,42538,34433,7521,22,0,35,42012,ADSL
2016,4,Jujuy,33838,8731,22,0,34,42625,34935,8400,22,0,30,43388,ADSL
2017,1,Jujuy,33869,9278,22,0,34,43203,34514,8905,22,0,34,43477,ADSL
2017,2,Jujuy,33742,8858,22,0,35,42657,34546,9463,22,0,34,44067,ADSL
2017,3,Jujuy,33796,9395,20,23,8,43242,34416,9035,22,0,35,43510,ADSL
2017,4,Jujuy,33844,9626,20,28,34,43552,34471,9582,20,23,8,44106,ADSL
2018,1,Jujuy,33856,10456,23,28,43,44406,34520,9818,20,28,34,44423,ADSL
2018,2,Jujuy,33571,10856,23,640,43,45133,34533,10665,23,28,43,45294,ADSL
2018,3,Jujuy,33363,10856,32,641,43,44935,34242,11073,23,652,43,46035,ADSL
2018,4,Jujuy,33248,12484,153,640,43608,90133,34030,11073,32,653,43,45833,Otros
2019,1,Jujuy,33248,12484,153,640,43622,90147,33912,12733,156,652,44480,91935,Otros
2019,2,Jujuy,33022,30742,274,812,21857,86707,33912,12733,156,652,44494,91949,ADSL
2019,3,Jujuy,33110,35742,274,812,16638,86576,33682,31356,279,828,22294,88441,Cablemodem
2019,4,Jujuy,32949,37604,873,814,16641,88881,33772,36456,279,828,16970,88307,Cablemodem
2020,1,Jujuy,32066,38938,3078,942,16641,91665,33607,38356,890,830,16973,90658,Cablemodem
2020,2,Jujuy,32705,38938,5057,952,16664,94316,32707,39716,3139,960,16973,93498,Cablemodem
2020,3,Jujuy,32611,57682,11112,952,4371,106728,33359,39716,5158,971,16997,96202,Cablemodem
2020,4,Jujuy,32850,52815,15639,1077,3470,105851,33263,58835,11334,971,4458,108862,Cablemodem
2021,1,Jujuy,32254,54324,17322,2677,3879,110456,33507,53871,15951,1098,3539,107968,Cablemodem
2021,2,Jujuy,24738,60800,19611,2731,3968,111848,32899,55410,17668,2730,3956,112665,Cablemodem
2021,3,Jujuy,23554,60758,19926,2952,3968,111158,25232,62016,20003,2785,4047,114084,Cablemodem
2021,4,Jujuy,22330,60511,24156,2927,3991,113915,24025,61973,20324,3011,4047,113381,Cablemodem
2022,1,Jujuy,21307,60616,25949,4662,3975,116509,22776,61721,24639,2985,4070,116193,Cablemodem
2022,2,Jujuy,20303,54495,34184,3955,2377,115314,21733,61828,26467,4755,4054,118839,Cablemodem
2022,3,Jujuy,19257,52978,40172,4033,2383,118823,20709,55584,34867,4034,2424,117620,Cablemodem
2022,4,Jujuy,17880,52390,42626,4067,1255,118218,19642,54037,40975,4113,2430,121199,Cablemodem
2023,1,Jujuy,15306,51082,46271,4067,1255,117981,18237,53437,43478,4148,1280,120582,Cablemodem
2023,2,Jujuy,13749,51082,47289,4067,1255,117442,15612,52103,47196,4148,1280,120340,Cablemodem
2023,3,Jujuy,12627,51082,48350,4067,1251,117377,14023,52103,48234,4148,1280,119790,Cablemodem
2023,4,Jujuy,11669,51083,49947,4105,1216,118020,12879,52103,49317,4148,1276,119724,Cablemodem
2024,1,Jujuy,10554,51093,51084,4106,1216,118053,11902,52104,50945,4187,1240,120380,Cablemodem
2024,2,Jujuy,9509,51361,53492,4106,1216,119684,10765,52114,52105,4188,1240,120414,Fibra optica
2014,1,La Pampa,15826,31305,513,5848,701,54193,0,0,0,0,0,0,Cablemodem
2014,2,La Pampa,15957,32600,513,5869,689,55628,16142,31931,523,5964,715,55276,Cablemodem
2014,3,La Pampa,16051,33940,538,11219,677,62425,16276,33252,523,5986,702,56740,Cablemodem
2014,4,La Pampa,16043,34281,514,5894,648,57380,16372,34618,548,11443,690,63673,Cablemodem
2015,1,La Pampa,13143,39571,3215,6164,604,62697,16363,34966,524,6011,660,58527,Cablemodem
2015,2,La Pampa,12756,40825,3719,6190,562,64052,13405,40362,3279,6287,616,63950,Cablemodem
2015,3,La Pampa,12755,41886,4078,6195,557,65471,13011,41641,3793,6313,573,65333,Cablemodem
2015,4,La Pampa,12755,42705,4327,6205,374,66366,13010,42723,4159,6318,568,66780,Cablemodem
2016,1,La Pampa,12754,41881,4536,6209,549,65929,13010,43559,4413,6329,381,67693,Cablemodem
2016,2,La Pampa,12754,44654,4708,6225,547,68888,13009,42718,4626,6333,559,67247,Cablemodem
2016,3,La Pampa,12751,45952,4910,6236,515,70364,13009,45547,4802,6349,557,70265,Cablemodem
2016,4,La Pampa,12754,47245,5054,6253,522,71828,13006,46871,5008,6360,525,71771,Cablemodem
2017,1,La Pampa,12754,47195,5194,6253,517,71913,13009,48189,5155,6378,532,73264,Cablemodem
2017,2,La Pampa,12754,48310,5194,6253,511,73022,13009,48138,5297,6378,527,73351,Cablemodem
2017,3,La Pampa,11378,49679,5153,11536,1944,79690,13009,49276,5297,6378,521,74482,Cablemodem
2017,4,La Pampa,10808,50495,8272,10569,1927,82071,11605,50672,5256,11766,1982,81283,Cablemodem
2018,1,La Pampa,10807,51389,8386,10556,1926,83064,11024,51504,8437,10780,1965,83712,Cablemodem
2018,2,La Pampa,12416,53587,8420,7011,987,82421,11023,52416,8553,10767,1964,84725,Cablemodem
2018,3,La Pampa,12415,54574,8437,7011,987,83424,12664,54658,8588,7151,1006,84069,Cablemodem
2018,4,La Pampa,18832,55337,2685,7772,1010,85636,12663,55665,8605,7151,1006,85092,Cablemodem
2019,1,La Pampa,18832,57373,2891,9023,1041,89160,19208,56443,2738,7927,1030,87348,Cablemodem
2019,2,La Pampa,19471,52101,4840,10789,3004,90205,19208,58520,2948,9203,1061,90943,Cablemodem
2019,3,La Pampa,19469,52941,4994,11462,1962,90828,19860,53143,4936,11004,3064,92009,Cablemodem
2019,4,La Pampa,15457,56854,4942,11341,1805,90399,19858,53999,5093,11691,2001,92644,Cablemodem
2020,1,La Pampa,8553,53755,13821,11295,1802,89226,15766,57991,5040,11567,1841,92206,Cablemodem
2020,2,La Pampa,8551,54422,14232,11314,1290,89809,8724,54830,14097,11520,1838,91010,Cablemodem
2020,3,La Pampa,9015,56845,14677,11893,1305,93735,8722,55510,14516,11540,1315,91605,Cablemodem
2020,4,La Pampa,9009,58945,15432,12194,1315,96895,9195,57981,14970,12130,1331,95609,Cablemodem
2021,1,La Pampa,8946,58711,15779,12369,1300,97105,9189,60123,15740,12437,1341,98832,Cablemodem
2021,2,La Pampa,9017,57014,17132,13209,1295,97667,9124,59885,16094,12616,1326,99047,Cablemodem
2021,3,La Pampa,9015,57881,17817,14479,1295,100487,9197,58154,17474,13473,1320,99620,Cablemodem
2021,4,La Pampa,8175,58000,20192,19286,1354,107007,9195,59038,18173,14768,1320,102496,Cablemodem
2022,1,La Pampa,8003,58978,21739,19903,1109,109732,8338,59160,20595,19671,1381,109147,Cablemodem
2022,2,La Pampa,7796,59273,22994,20200,1264,111527,8163,60157,22173,20301,1131,111926,Cablemodem
2022,3,La Pampa,7796,60078,23551,20216,4451,116092,7951,60458,23453,20604,1289,113757,Cablemodem
2022,4,La Pampa,7785,60566,24552,19995,1266,114164,7951,61279,24022,20620,4540,118413,Cablemodem
2023,1,La Pampa,7049,59944,28126,20103,1282,116504,7940,61777,25043,20394,1291,116447,Cablemodem
2023,2,La Pampa,7254,59101,31449,19993,1113,118910,7189,61142,28688,20505,1307,118834,Cablemodem
2023,3,La Pampa,6844,59063,32891,20014,1109,119921,7399,60283,32077,20392,1135,121288,Cablemodem
2023,4,La Pampa,6844,59063,34331,19982,1106,121326,6980,60244,33548,20414,1131,122319,Cablemodem
2024,1,La Pampa,6844,59008,35556,19681,1106,122195,6980,60244,35017,20381,1128,123752,Cablemodem
2024,2,La Pampa,6778,58647,37226,19510,1102,123263,6980,60188,36267,20074,1128,124638,Cablemodem
2014,1,La Rioja,15663,0,14,0,34,15711,0,0,0,0,0,0,ADSL
2014,2,La Rioja,15864,0,14,0,34,15912,15976,0,14,0,34,16025,ADSL
2014,3,La Rioja,15864,0,14,1,37,15916,16181,0,14,0,34,16230,ADSL
2014,4,La Rioja,16352,0,17,0,33,16402,16181,0,14,1,37,16234,ADSL
2015,1,La Rioja,16282,0,16,2,33,16333,16679,0,17,0,33,16730,ADSL
2015,2,La Rioja,16463,0,16,2,28,16509,16607,0,16,2,33,16659,ADSL
2015,3,La Rioja,16725,0,16,2,28,16771,16792,0,16,2,28,16839,ADSL
2015,4,La Rioja,16886,0,16,2,28,16932,17059,0,16,2,28,17106,ADSL
2016,1,La Rioja,16645,0,16,2,28,16691,17223,0,16,2,28,17270,ADSL
2016,2,La Rioja,16691,0,15,2,28,16736,16977,0,16,2,28,17024,ADSL
2016,3,La Rioja,16891,0,15,2,22,16930,17024,0,15,2,28,17070,ADSL
2016,4,La Rioja,16270,0,16,2,28,16316,17228,0,15,2,22,17268,ADSL
2017,1,La Rioja,16180,0,15,2,28,16225,16595,0,16,2,28,16642,ADSL
2017,2,La Rioja,16244,0,15,2,28,16289,16503,0,15,2,28,16549,ADSL
2017,3,La Rioja,16638,34984,14,252,25,51913,16568,0,15,2,28,16614,Cablemodem
2017,4,La Rioja,16912,34984,14,253,31,52194,16970,35683,14,257,25,52951,Cablemodem
2018,1,La Rioja,16960,34984,13,253,35,52245,17250,35683,14,258,31,53237,Cablemodem
2018,2,La Rioja,16663,34984,13,253,35,51948,17299,35683,13,258,35,53289,Cablemodem
2018,3,La Rioja,16587,34984,13,253,35,51872,16996,35683,13,258,35,52986,Cablemodem
2018,4,La Rioja,16367,34984,12,252,36,51651,16918,35683,13,258,35,52909,Cablemodem
2019,1,La Rioja,16367,34984,12,252,41,51656,16694,35683,12,257,36,52684,Cablemodem
2019,2,La Rioja,15014,34984,11,251,41,50301,16694,35683,12,257,41,52689,Cablemodem
2019,3,La Rioja,14390,34984,11,251,41,49677,15314,35683,11,256,41,51307,Cablemodem
2019,4,La Rioja,13738,34984,0,251,29,49002,14677,35683,11,256,41,50670,Cablemodem
2020,1,La Rioja,13076,34984,0,251,29,48340,14012,35683,0,256,29,49982,Cablemodem
2020,2,La Rioja,16885,34984,1,250,35,52155,13337,35683,0,256,29,49306,Cablemodem
2020,3,La Rioja,17346,34984,1,250,35,52616,17222,35683,1,255,35,53198,Cablemodem
2020,4,La Rioja,17513,34984,1,250,30,52778,17692,35683,1,255,35,53668,Cablemodem
2021,1,La Rioja,17363,34984,1,250,30,52628,17863,35683,1,255,30,53833,Cablemodem
2021,2,La Rioja,11627,54255,9445,6245,30,81602,17710,35683,1,255,30,53680,Cablemodem
2021,3,La Rioja,11329,54744,9444,6613,30,82160,11859,55340,9633,6369,30,83234,Cablemodem
2021,4,La Rioja,10387,56651,9446,6613,31,83128,11555,55838,9632,6745,30,83803,Cablemodem
2022,1,La Rioja,9103,59228,9546,6395,31,84303,10594,57784,9634,6745,31,84790,Cablemodem
2022,2,La Rioja,7759,52656,19189,6395,31,86030,9285,60412,9736,6522,31,85989,Cablemodem
2022,3,La Rioja,6842,53899,19697,6395,31,86864,7914,53709,19572,6522,31,87750,Cablemodem
2022,4,La Rioja,6120,54387,19328,6395,32,86262,6978,54976,20090,6522,31,88601,Cablemodem
2023,1,La Rioja,4652,54604,20722,6395,32,86405,6242,55474,19714,6522,32,87987,Cablemodem
2023,2,La Rioja,4152,55148,21245,6395,32,86972,4745,55696,21136,6522,32,88133,Cablemodem
2023,3,La Rioja,3726,55494,22054,6395,32,87701,4235,56250,21669,6522,32,88711,Cablemodem
2023,4,La Rioja,3296,55441,22559,6395,30,87721,3800,56603,22495,6522,32,89455,Cablemodem
2024,1,La Rioja,2827,55443,23086,6396,30,87782,3361,56549,23010,6522,30,89475,Cablemodem
2024,2,La Rioja,2230,55531,23294,6396,30,87481,2883,56551,23547,6523,30,89537,Cablemodem
2014,1,Mendoza,148970,12076,2480,37,2282,165845,0,0,0,0,0,0,ADSL
2014,2,Mendoza,148979,13030,2480,36,2282,166807,151949,12317,2529,37,2327,169161,ADSL
2014,3,Mendoza,150120,13030,2512,40,2222,167924,151958,13290,2529,36,2327,170143,ADSL
2014,4,Mendoza,151797,13030,2534,31,2222,169614,153122,13290,2562,40,2266,171282,ADSL
2015,1,Mendoza,152433,13030,2542,29,2126,170160,154832,13290,2584,31,2266,173006,ADSL
2015,2,Mendoza,153301,13030,2572,38,1882,170823,155481,13290,2592,29,2168,173563,ADSL
2015,3,Mendoza,153299,13030,2572,42,1880,170823,156367,13290,2623,38,1919,174239,ADSL
2015,4,Mendoza,153293,13030,2572,38,1874,170807,156364,13290,2623,42,1917,174239,ADSL
2016,1,Mendoza,153299,13030,2576,34,1871,170810,156358,13290,2623,38,1911,174223,ADSL
2016,2,Mendoza,153321,13030,2576,29,1868,170824,156364,13290,2627,34,1908,174226,ADSL
2016,3,Mendoza,153233,13030,2576,28,1757,170624,156387,13290,2627,29,1905,174240,ADSL
2016,4,Mendoza,153320,13030,2579,27,1769,170725,156297,13290,2627,28,1792,174036,ADSL
2017,1,Mendoza,153326,13030,2581,27,1769,170733,156386,13290,2630,27,1804,174139,ADSL
2017,2,Mendoza,153331,13030,2581,27,1784,170753,156392,13290,2632,27,1804,174147,ADSL
2017,3,Mendoza,154036,33788,2772,29,1866,192491,156397,13290,2632,27,1819,174168,ADSL
2017,4,Mendoza,152896,16114,3015,6206,1920,180151,157116,34463,2827,29,1903,196340,ADSL
2018,1,Mendoza,152931,36872,3086,6206,1852,200947,155953,16436,3075,6330,1958,183754,ADSL
2018,2,Mendoza,152938,36872,3084,6206,1852,200952,155989,37609,3147,6330,1889,204965,ADSL
2018,3,Mendoza,151033,40205,5744,8195,1852,207029,155996,37609,3145,6330,1889,204971,ADSL
2018,4,Mendoza,148524,40205,5665,10363,1547,206304,154053,41009,5858,8358,1889,211169,ADSL
2019,1,Mendoza,148524,40205,5662,10363,1544,206298,151494,41009,5778,10570,1577,210430,ADSL
2019,2,Mendoza,148673,54027,6865,12748,1544,223857,151494,41009,5775,10570,1574,210423,ADSL
2019,3,Mendoza,148640,54312,6865,12975,1545,224337,151646,55107,7002,13002,1574,228334,ADSL
2019,4,Mendoza,96678,49711,24989,13672,730,185780,151612,55398,7002,13234,1575,228823,ADSL
2020,1,Mendoza,91955,50251,28059,12465,722,183452,98611,50705,25488,13945,744,189495,ADSL
2020,2,Mendoza,91904,62941,29613,15924,802,201184,93794,51256,28620,12714,736,187121,ADSL
2020,3,Mendoza,91908,64672,32817,17523,868,207788,93742,64199,30205,16242,818,205207,ADSL
2020,4,Mendoza,91842,68364,36083,18331,833,215453,93746,65965,33473,17873,885,211943,ADSL
2021,1,Mendoza,91844,69295,38619,18332,833,218923,93678,69731,36804,18697,849,219762,ADSL
2021,2,Mendoza,91503,70834,44696,21811,827,229671,93680,70680,39391,18698,849,223301,ADSL
2021,3,Mendoza,91474,71247,70579,21811,828,255939,93333,72250,45589,22247,843,234264,ADSL
2021,4,Mendoza,59842,71553,109667,24666,1859,267587,93303,72671,71990,22247,844,261057,Fibra optica
2022,1,Mendoza,49464,74145,123228,26969,1379,275185,61038,72984,111860,25159,1896,272938,Fibra optica
2022,2,Mendoza,37663,77504,135504,26964,1927,279562,50453,75627,125692,27508,1406,280688,Fibra optica
2022,3,Mendoza,37659,78858,142615,27625,2766,289523,38416,79054,138214,27503,1965,285153,Fibra optica
2022,4,Mendoza,37655,77814,147080,27607,1948,292104,38412,80435,145467,28177,2821,295313,Fibra optica
2023,1,Mendoza,37646,73678,152534,27592,1569,293019,38408,79370,150021,28159,1986,297946,Fibra optica
2023,2,Mendoza,25299,71931,171857,27609,980,297676,38398,75151,155584,28143,1600,298879,Fibra optica
2023,3,Mendoza,17677,73066,178719,27609,951,298022,25804,73369,175294,28161,999,303629,Fibra optica
2023,4,Mendoza,17676,70920,182220,27609,926,299351,18030,74527,182293,28161,970,303982,Fibra optica
2024,1,Mendoza,17674,70932,185460,27606,925,302597,18029,72338,185864,28161,944,305338,Fibra optica
2024,2,Mendoza,17671,66636,188815,27606,925,301653,18027,72350,189169,28158,943,308648,Fibra optica
2014,1,Misiones,56597,17191,4,150,8,73950,0,0,0,0,0,0,ADSL
2014,2,Misiones,56933,17594,4,150,8,74689,57728,17534,4,153,8,75429,ADSL
2014,3,Misiones,56933,18373,4,3,14,75327,58071,17945,4,153,8,76182,ADSL
2014,4,Misiones,58435,18613,16,150,15,77229,58071,18740,4,3,14,76833,ADSL
2015,1,Misiones,58262,26836,30,5,13,85146,59603,18985,16,153,15,78773,ADSL
2015,2,Misiones,59179,29283,37,5,15,88519,59427,27372,30,5,13,86848,ADSL
2015,3,Misiones,59921,31635,46,5,15,91622,60362,29868,37,5,15,90289,ADSL
2015,4,Misiones,60252,32533,48,5,15,92853,61119,32267,46,5,15,93454,ADSL
2016,1,Misiones,59538,33330,70,5,15,92958,61457,33183,48,5,15,94710,ADSL
2016,2,Misiones,59573,36145,77,5,15,95815,60728,33996,71,5,15,94817,ADSL
2016,3,Misiones,59776,38130,79,5,7,97997,60764,36867,78,5,15,97731,ADSL
2016,4,Misiones,57983,39294,100,5,8,97390,60971,38892,80,5,7,99956,ADSL
2017,1,Misiones,57363,40142,101,5,8,97619,59142,40079,102,5,8,99337,ADSL
2017,2,Misiones,56752,42925,103,5,9,99794,58510,40944,103,5,8,99571,ADSL
2017,3,Misiones,56472,43880,110,5,9,100476,57887,43783,105,5,9,101789,ADSL
2017,4,Misiones,56271,47470,95,5,54,103895,57601,44757,112,5,9,102485,ADSL
2018,1,Misiones,56311,46880,328,5,56,103580,57396,48419,96,5,55,105972,ADSL
2018,2,Misiones,57265,47923,512,391,56,106147,57437,47817,334,5,57,105651,ADSL
2018,3,Misiones,56290,50793,512,391,56,108042,58410,48881,522,398,57,108269,ADSL
2018,4,Misiones,55500,53673,465,426,6209,116273,57415,51808,522,398,57,110202,ADSL
2019,1,Misiones,54898,59214,465,426,7717,122720,56610,54746,474,434,6333,118598,Cablemodem
2019,2,Misiones,55373,64272,543,421,12269,132878,55995,60398,474,434,7871,125174,Cablemodem
2019,3,Misiones,54493,65872,829,419,12270,133883,56480,65557,553,429,12514,135535,Cablemodem
2019,4,Misiones,53116,69676,847,441,11733,135813,55582,67189,845,427,12515,136560,Cablemodem
2020,1,Misiones,51458,69452,1220,460,10962,133552,54178,71069,863,449,11967,138529,Cablemodem
2020,2,Misiones,50792,74497,2579,3319,9153,140340,52487,70841,1244,469,11181,136223,Cablemodem
2020,3,Misiones,50195,77989,2572,3445,8985,143186,51807,75986,2630,3385,9336,143146,Cablemodem
2020,4,Misiones,49462,79855,6589,4359,6896,147161,51198,79548,2623,3513,9164,146049,Cablemodem
2021,1,Misiones,48292,82339,7064,4796,6896,149387,50451,81452,6720,4446,7033,150104,Cablemodem
2021,2,Misiones,44960,87861,10376,5317,7662,156176,49257,83985,7205,4891,7033,152374,Cablemodem
2021,3,Misiones,43230,89469,10969,7198,7662,158528,45859,89618,10583,5423,7815,159299,Cablemodem
2021,4,Misiones,41778,92068,22035,7649,7602,171132,44094,91258,11188,7341,7815,161698,Cablemodem
2022,1,Misiones,39147,91752,25178,7807,7624,171508,42613,93909,22475,7801,7754,174554,Cablemodem
2022,2,Misiones,37208,89260,33649,11074,7622,178813,39929,93587,25681,7963,7776,174938,Cablemodem
2022,3,Misiones,35513,88902,39046,11074,7622,182157,37952,91045,34321,11295,7774,182389,Cablemodem
2022,4,Misiones,33204,87202,46885,11075,7903,186269,36223,90680,39826,11295,7774,185800,Cablemodem
2023,1,Misiones,30455,82834,56619,12896,7881,190685,33868,88946,47822,11296,8061,189994,Cablemodem
2023,2,Misiones,28897,82058,64406,12927,7183,195471,31064,84490,57751,13153,8038,194498,Cablemodem
2023,3,Misiones,27934,79087,70003,12928,7183,197135,29474,83699,65694,13185,7326,199380,Cablemodem
2023,4,Misiones,25840,79000,75382,12928,7183,200333,28492,80668,71403,13186,7326,201077,Cablemodem
2024,1,Misiones,23217,77561,81498,13378,6902,202556,26356,80580,76889,13186,7326,204339,Fibra optica
2024,2,Misiones,20868,76427,87389,14968,6902,206554,23681,79112,83127,13645,7040,206607,Fibra optica
2014,1,Neuquén,47790,28161,997,10381,3051,90380,0,0,0,0,0,0,ADSL
2014,2,Neuquén,47767,29776,997,10765,2983,92288,48745,28724,1016,10588,3112,92187,ADSL
2014,3,Neuquén,54458,30964,1000,12858,3087,102367,48722,30371,1016,10980,3042,94133,ADSL
2014,4,Neuquén,47721,31778,1014,11853,3030,95396,55547,31583,1020,13115,3148,104414,ADSL
2015,1,Neuquén,47518,32152,1024,12088,2960,95742,48675,32413,1034,12090,3090,97303,ADSL
2015,2,Neuquén,47078,34183,1044,12781,2799,97885,48468,32795,1044,12329,3019,97656,ADSL
2015,3,Neuquén,47102,36620,1045,13051,2798,100616,48019,34866,1064,13036,2854,99842,ADSL
2015,4,Neuquén,51680,38902,1048,12934,2852,107416,48044,37352,1065,13312,2853,102628,ADSL
2016,1,Neuquén,51702,36122,1085,12502,2850,104261,52713,39680,1068,13192,2909,109564,ADSL
2016,2,Neuquén,51742,42370,1088,12466,2849,110515,52736,36844,1106,12752,2907,106346,ADSL
2016,3,Neuquén,51752,44739,1093,12402,2617,112603,52776,43217,1109,12715,2905,112725,ADSL
2016,4,Neuquén,51742,46389,1124,11910,2670,113835,52787,45633,1114,12650,2669,114855,ADSL
2017,1,Neuquén,51771,48109,1124,11665,2670,115339,52776,47316,1146,12148,2723,116111,ADSL
2017,2,Neuquén,51794,50283,1133,11545,2678,117433,52806,49071,1146,11898,2723,117645,ADSL
2017,3,Neuquén,48001,52468,1044,11576,2695,115784,52829,51288,1155,11775,2731,119781,Cablemodem
2017,4,Neuquén,46739,54119,1017,12404,2692,116971,48961,53517,1064,11807,2748,118099,Cablemodem
2018,1,Neuquén,46714,55072,1000,12404,2713,117903,47673,55201,1037,12652,2745,119310,Cablemodem
2018,2,Neuquén,46633,52855,998,12649,2713,115848,47648,56173,1020,12652,2767,120261,Cablemodem
2018,3,Neuquén,46602,54129,998,12277,2712,116718,47565,53912,1017,12901,2767,118164,Cablemodem
2018,4,Neuquén,40747,55634,3115,12425,2444,114365,47534,55211,1017,12522,2766,119052,Cablemodem
2019,1,Neuquén,40747,55634,3114,12510,2372,114377,41561,56746,3177,12673,2492,116652,Cablemodem
2019,2,Neuquén,43420,59021,4983,12792,2737,122953,41561,56746,3176,12760,2419,116664,Cablemodem
2019,3,Neuquén,43347,60484,5560,13512,2518,125421,44288,60201,5082,13047,2791,125412,Cablemodem
2019,4,Neuquén,29826,60970,10549,14246,854,116445,44213,61693,5671,13782,2568,127929,Cablemodem
2020,1,Neuquén,29305,65951,11031,14711,729,121727,30422,62189,10759,14530,871,118773,Cablemodem
2020,2,Neuquén,30256,67990,11037,15755,1134,126172,29891,67270,11251,15005,743,124161,Cablemodem
2020,3,Neuquén,30222,70446,11043,16787,737,129235,30861,69349,11257,16070,1156,128695,Cablemodem
2020,4,Neuquén,30468,70614,13732,17689,632,133135,30826,71854,11263,17122,751,131819,Cablemodem
2021,1,Neuquén,30223,70457,14171,17752,632,133235,31077,72026,14006,18042,644,135797,Cablemodem
2021,2,Neuquén,30083,72690,15619,19218,640,138250,30827,71866,14454,18107,644,135899,Cablemodem
2021,3,Neuquén,29650,73794,16455,19270,640,139809,30684,74143,15931,19602,652,141015,Cablemodem
2021,4,Neuquén,29175,72761,23253,21531,746,147466,30243,75269,16784,19655,652,142605,Cablemodem
2022,1,Neuquén,28443,73200,24193,23098,745,149679,29758,74216,23718,21961,760,150415,Cablemodem
2022,2,Neuquén,29749,74905,28824,27371,1119,161968,29011,74664,24676,23559,759,152672,Cablemodem
2022,3,Neuquén,29352,75815,29396,27482,1116,163161,30343,76403,29400,27918,1141,165207,Cablemodem
2022,4,Neuquén,28609,72679,31567,23815,3510,160180,29939,77331,29983,28031,1138,166424,Cablemodem
2023,1,Neuquén,28030,72639,32296,23937,3510,160412,29181,74132,32198,24291,3580,163383,Cablemodem
2023,2,Neuquén,26379,73040,35171,24046,3110,161746,28590,74091,32941,24415,3580,163620,Cablemodem
2023,3,Neuquén,24527,73329,39243,24085,3089,164273,26906,74500,35874,24526,3172,164980,Cablemodem
2023,4,Neuquén,24122,73784,41583,24390,748,164627,25017,74795,40027,24566,3150,167558,Cablemodem
2024,1,Neuquén,24076,73298,41577,24387,908,164246,24604,75259,42414,24877,762,167919,Cablemodem
2024,2,Neuquén,23553,72698,41784,24549,958,163542,24557,74763,42408,24874,926,167530,Cablemodem
2014,1,Río Negro,64886,24156,876,3576,1572,95066,0,0,0,0,0,0,ADSL
2014,2,Río Negro,64920,24944,876,3657,1560,95957,66183,24639,893,3647,1603,96967,ADSL
2014,3,Río Negro,65264,26590,888,3533,1505,97780,66218,25442,893,3730,1591,97876,ADSL
2014,4,Río Negro,66307,23703,901,3819,1530,96260,66569,27121,905,3603,1535,99735,ADSL
2015,1,Río Negro,66274,25217,907,3473,1462,97333,67633,24177,919,3895,1560,98185,ADSL
2015,2,Río Negro,66738,26268,916,3457,1348,98727,67599,25721,925,3542,1491,99279,ADSL
2015,3,Río Negro,66806,27130,917,3415,1346,99614,68072,26793,934,3526,1374,100701,ADSL
2015,4,Río Negro,66851,27221,915,3407,1328,99722,68142,27672,935,3483,1372,101606,ADSL
2016,1,Río Negro,66894,27312,937,3341,1338,99822,68188,27765,933,3475,1354,101716,ADSL
2016,2,Río Negro,67031,28100,939,3300,1334,100704,68231,27858,955,3407,1364,101818,ADSL
2016,3,Río Negro,67043,28496,942,3293,1252,101026,68371,28662,957,3366,1360,102718,ADSL
2016,4,Río Negro,67057,28474,954,3274,1261,101020,68383,29065,960,3358,1277,103046,ADSL
2017,1,Río Negro,67075,28785,954,3213,1261,101288,68398,29043,973,3339,1286,103040,ADSL
2017,2,Río Negro,67038,29147,961,3213,1260,101619,68416,29360,973,3277,1286,103313,ADSL
2017,3,Río Negro,69301,30018,1106,3054,4017,107496,68378,29729,980,3277,1285,103651,ADSL
2017,4,Río Negro,68690,30451,1250,4259,5114,109764,70687,30618,1128,3115,4097,109645,ADSL
2018,1,Río Negro,68769,31712,1251,4259,5128,111119,70063,31060,1275,4344,5216,111959,ADSL
2018,2,Río Negro,68667,32795,1252,4396,5125,112235,70144,32346,1276,4344,5230,113341,ADSL
2018,3,Río Negro,68590,33474,1252,5051,5125,113492,70040,33450,1277,4483,5227,114479,ADSL
2018,4,Río Negro,68377,34292,1299,8037,4832,116837,69961,34143,1277,5152,5227,115761,ADSL
2019,1,Río Negro,68377,34124,3994,9736,4857,121088,69744,34977,1324,8197,4928,119173,ADSL
2019,2,Río Negro,67841,36527,4037,10485,19657,138547,69744,34806,4073,9930,4954,123509,ADSL
2019,3,Río Negro,67478,37425,9739,10806,18847,144295,69197,37257,4117,10694,20050,141317,ADSL
2019,4,Río Negro,49747,37933,9658,11437,18365,127140,68827,38173,9933,11022,19223,147180,ADSL
2020,1,Río Negro,47756,38479,10381,11222,18362,126200,50741,38691,9851,11665,18732,129682,ADSL
2020,2,Río Negro,49756,39650,10382,11331,18367,129486,48711,39248,10588,11446,18729,128724,ADSL
2020,3,Río Negro,49530,40001,10381,13187,18368,131467,50751,40443,10589,11557,18734,132075,ADSL
2020,4,Río Negro,48991,42022,17826,13994,18377,141210,50520,40801,10588,13450,18735,134096,ADSL
2021,1,Río Negro,48777,42192,17828,13994,18377,141168,49970,42862,18182,14273,18744,144034,ADSL
2021,2,Río Negro,48189,43761,18727,15031,18376,144084,49752,43035,18184,14273,18744,143991,ADSL
2021,3,Río Negro,47934,44519,18725,15031,18376,144585,49152,44636,19101,15331,18743,146965,ADSL
2021,4,Río Negro,42037,44495,32212,16558,18451,153753,48892,45409,19099,15331,18743,147476,Cablemodem
2022,1,Río Negro,38662,45366,38037,16815,18494,157374,42877,45384,32856,16889,18820,156828,Cablemodem
2022,2,Río Negro,36050,47040,40946,16760,18968,159764,39435,46273,38797,17151,18863,160521,Cablemodem
2022,3,Río Negro,35552,48260,41017,16760,18969,160558,36771,47980,41764,17095,19347,162959,Cablemodem
2022,4,Río Negro,34043,48401,43958,16277,19413,162092,36263,49225,41837,17095,19348,163769,Cablemodem
2023,1,Río Negro,33604,49128,45329,16857,19413,164331,34723,49369,44837,16602,19801,165333,Cablemodem
2023,2,Río Negro,26390,49684,53325,16864,17116,163379,34276,50110,46235,17194,19801,167617,Fibra optica
2023,3,Río Negro,22422,50429,56668,16864,17102,163485,26917,50677,54391,17201,17458,166646,Fibra optica
2023,4,Río Negro,21192,49789,64323,17284,15829,168417,22870,51437,57801,17201,17444,166754,Fibra optica
2024,1,Río Negro,20841,49727,66889,17733,15829,171019,21615,50784,65609,17629,16145,171785,Fibra optica
2024,2,Río Negro,20771,49722,67636,18083,15829,172041,21257,50721,68226,18087,16145,174439,Fibra optica
2014,1,Salta,73131,17538,45,8,568,91290,0,0,0,0,0,0,ADSL
2014,2,Salta,73841,17504,45,7,577,91974,74593,17888,45,8,579,93115,ADSL
2014,3,Salta,73828,18394,43,109,580,92954,75317,17854,45,7,588,93813,ADSL
2014,4,Salta,76026,17289,48,6,578,93947,75304,18761,43,111,591,94813,ADSL
2015,1,Salta,76280,19781,47,129,574,96811,77546,17634,48,6,589,95825,ADSL
2015,2,Salta,77214,20297,47,129,580,98267,77805,20176,47,131,585,98747,ADSL
2015,3,Salta,78064,21688,47,129,645,100573,78758,20702,47,131,591,100232,ADSL
2015,4,Salta,78744,22446,47,129,554,101920,79625,22121,47,131,657,102584,ADSL
2016,1,Salta,78973,22741,73,132,507,102426,80318,22894,47,131,565,103958,ADSL
2016,2,Salta,79438,24719,85,151,539,104932,80552,23195,74,134,517,104474,ADSL
2016,3,Salta,80866,26113,90,157,565,107791,81026,25213,86,154,549,107030,ADSL
2016,4,Salta,79389,26657,110,158,621,106935,82483,26635,91,160,576,109946,ADSL
2017,1,Salta,79837,26845,114,158,679,107633,80976,27190,112,161,633,109073,ADSL
2017,2,Salta,80184,27280,115,158,804,108541,81433,27381,116,161,692,109785,ADSL
2017,3,Salta,80782,50284,127,158,1167,132518,81787,27825,117,161,820,110711,ADSL
2017,4,Salta,80705,50446,127,158,1376,132812,82397,51289,129,161,1190,135168,ADSL
2018,1,Salta,79936,51534,118,204,1391,133183,82319,51454,129,161,1403,135468,ADSL
2018,2,Salta,78386,53478,678,234,1391,134167,81534,52564,120,208,1418,135846,ADSL
2018,3,Salta,76600,53980,678,234,1391,132883,79953,54547,691,238,1418,136850,ADSL
2018,4,Salta,74295,57539,638,253,1853,134578,78132,55059,691,238,1418,135540,ADSL
2019,1,Salta,74426,57933,647,1135,1879,136020,75780,58689,650,258,1890,137269,ADSL
2019,2,Salta,68827,62343,725,1210,9463,142568,75914,59091,659,1157,1916,138740,ADSL
2019,3,Salta,65799,74329,733,1580,9394,151835,70203,63589,739,1234,9652,145419,Cablemodem
2019,4,Salta,63272,76062,21865,3040,8206,172445,67114,75815,747,1611,9581,154871,Cablemodem
2020,1,Salta,60426,75593,23025,4125,7212,170381,64537,77583,22302,3100,8370,175893,Cablemodem
2020,2,Salta,59502,81740,24289,5123,7108,177762,61634,77104,23485,4207,7356,173788,Cablemodem
2020,3,Salta,58216,84128,25445,5764,7293,180846,60692,83374,24774,5225,7250,181317,Cablemodem
2020,4,Salta,56659,87817,30604,5858,6452,187390,59380,85810,25953,5879,7438,184462,Cablemodem
2021,1,Salta,54768,89187,31498,5669,6452,187574,57792,89573,31216,5975,6581,191137,Cablemodem
2021,2,Salta,51396,96016,32050,5724,6453,191639,55863,90970,32127,5782,6581,191325,Cablemodem
2021,3,Salta,49212,98318,36126,5724,6453,195833,52423,97936,32691,5838,6582,195471,Cablemodem
2021,4,Salta,46972,99808,39555,5882,7188,199405,50196,100284,36848,5838,6582,199749,Cablemodem
2022,1,Salta,44714,98667,40994,5950,7190,197515,47911,101804,40346,5999,7331,203393,Cablemodem
2022,2,Salta,42665,96178,47076,10068,7190,203177,45608,100640,41813,6069,7333,201465,Cablemodem
2022,3,Salta,40006,96984,50254,10082,7215,204541,43518,98101,48017,10269,7333,207240,Cablemodem
2022,4,Salta,36939,97023,53470,11884,6544,205860,40806,98923,51259,10283,7359,208631,Cablemodem
2023,1,Salta,33427,96922,56259,12269,6549,205426,37677,98963,54539,12121,6674,209977,Cablemodem
2023,2,Salta,30666,97501,58275,12337,6549,205328,34095,98860,57384,12514,6679,209534,Cablemodem
2023,3,Salta,29113,98324,59914,12337,6545,206233,31279,99451,59440,12583,6679,209434,Cablemodem
2023,4,Salta,26765,98853,60800,11806,6508,204732,29695,100290,61112,12583,6675,210357,Cablemodem
2024,1,Salta,23858,99150,61543,11807,6503,202861,27300,100830,62016,12042,6638,208826,Cablemodem
2024,2,Salta,19831,98511,64689,11807,6503,201341,24335,101133,62773,12043,6633,206918,Cablemodem
2014,1,San Juan,48161,434,722,808,1173,51298,0,0,0,0,0,0,ADSL
2014,2,San Juan,48161,451,722,1139,1173,51646,49124,442,736,824,1196,52323,ADSL
2014,3,San Juan,48272,451,731,1199,1126,51779,49124,460,736,1161,1196,52678,ADSL
2014,4,San Juan,48653,451,740,1202,1073,52119,49237,460,745,1222,1148,52814,ADSL
2015,1,San Juan,48441,451,755,1165,1007,51819,49626,460,754,1226,1094,53161,ADSL
2015,2,San Juan,48670,451,770,1189,908,51988,49409,460,770,1188,1027,52855,ADSL
2015,3,San Juan,48670,451,770,1231,908,52030,49643,460,785,1212,926,53027,ADSL
2015,4,San Juan,48670,451,770,1230,908,52029,49643,460,785,1255,926,53070,ADSL
2016,1,San Juan,48670,451,770,1195,908,51994,49643,460,785,1254,926,53069,ADSL
2016,2,San Juan,48670,451,770,1214,908,52013,49643,460,785,1218,926,53033,ADSL
2016,3,San Juan,48670,451,770,1174,903,51968,49643,460,785,1238,926,53053,ADSL
2016,4,San Juan,48670,451,772,1121,907,51921,49643,460,785,1197,921,53007,ADSL
2017,1,San Juan,48670,451,772,1073,907,51873,49643,460,787,1143,925,52959,ADSL
2017,2,San Juan,48670,451,772,1073,915,51881,49643,460,787,1094,925,52910,ADSL
2017,3,San Juan,54499,5068,816,1053,1013,62449,49643,460,787,1094,933,52918,ADSL
2017,4,San Juan,54079,451,812,2246,1036,58624,55588,5169,832,1074,1033,63697,ADSL
2018,1,San Juan,54080,5068,826,2246,1048,63268,55160,460,828,2290,1056,59796,ADSL
2018,2,San Juan,54080,5068,826,3079,1048,64101,55161,5169,842,2290,1068,64533,ADSL
2018,3,San Juan,54025,5838,826,2744,1048,64481,55161,5169,842,3140,1068,65383,ADSL
2018,4,San Juan,51660,5838,806,2883,1211,62398,55105,5954,842,2798,1068,65770,ADSL
2019,1,San Juan,51660,5838,808,2932,1207,62445,52693,5954,822,2940,1235,63645,ADSL
2019,2,San Juan,51680,7425,1174,2870,6876,70025,52693,5954,824,2990,1231,63693,ADSL
2019,3,San Juan,51670,7425,1227,7241,5535,73098,52713,7573,1197,2927,7013,71425,ADSL
2019,4,San Juan,41360,6338,4931,7241,5104,64974,52703,7573,1251,7385,5645,74559,ADSL
2020,1,San Juan,40092,6448,5508,7082,5101,64231,42187,6464,5029,7385,5206,66273,ADSL
2020,2,San Juan,40092,8275,5509,7019,8882,69777,40893,6576,5618,7223,5203,65515,ADSL
2020,3,San Juan,40092,9223,5509,14023,8480,77327,40893,8440,5619,7159,9059,71172,ADSL
2020,4,San Juan,40072,7004,6599,10468,8453,72596,40893,9407,5619,14303,8649,78873,ADSL
2021,1,San Juan,40072,11589,6671,11482,8453,78267,40873,7144,6730,10677,8622,74047,ADSL
2021,2,San Juan,40072,12369,6673,11372,8447,78933,40873,11820,6804,11711,8622,79832,ADSL
2021,3,San Juan,40072,12922,6670,11372,8447,79483,40873,12616,6806,11599,8615,80511,ADSL
2021,4,San Juan,35868,13102,11072,11423,8493,79958,40873,13180,6803,11599,8615,81072,ADSL
2022,1,San Juan,34038,14449,11294,20723,7674,88178,36585,13364,11293,11651,8662,81557,ADSL
2022,2,San Juan,38570,19734,12328,21859,7916,100407,34718,14737,11519,21137,7827,89941,ADSL
2022,3,San Juan,38570,22723,12328,21860,7918,103399,39341,20128,12574,22296,8074,102415,ADSL
2022,4,San Juan,38570,22913,12491,21912,7940,103826,39341,23177,12574,22297,8076,105466,ADSL
2023,1,San Juan,38568,21215,12798,21912,7274,101767,39341,23371,12740,22350,8098,105902,ADSL
2023,2,San Juan,21483,20200,25217,23545,7004,97449,39339,21639,13053,22350,7419,103802,Fibra optica
2023,3,San Juan,12669,19376,42383,22317,6985,103730,21912,20604,25721,24015,7144,99397,Fibra optica
2023,4,San Juan,12669,18543,42691,22351,6956,103210,12922,19763,43230,22763,7124,105804,Fibra optica
2024,1,San Juan,12669,18543,44904,23594,6956,106666,12922,18913,43544,22798,7095,105274,Fibra optica
2024,2,San Juan,12669,16978,45792,23594,6957,105990,12922,18913,45802,24065,7095,108799,Fibra optica
2014,1,San Luis,11306,428,354,21,448,12557,0,0,0,0,0,0,ADSL
2014,2,San Luis,11306,925,354,22,448,13055,11532,436,361,21,456,12808,ADSL
2014,3,San Luis,11303,925,355,25,438,13046,11532,943,361,22,456,13316,ADSL
2014,4,San Luis,11419,926,355,24,423,13147,11529,943,362,25,446,13306,ADSL
2015,1,San Luis,11414,1025,351,30,412,13232,11647,944,362,24,431,13409,ADSL
2015,2,San Luis,11432,1025,354,33,377,13221,11642,1045,358,30,420,13496,ADSL
2015,3,San Luis,11432,1025,354,31,377,13219,11660,1045,361,33,384,13485,ADSL
2015,4,San Luis,11432,1025,354,30,377,13218,11660,1045,361,31,384,13483,ADSL
2016,1,San Luis,11432,1042,354,27,377,13232,11660,1045,361,30,384,13482,ADSL
2016,2,San Luis,11432,1063,354,30,377,13256,11660,1062,361,27,384,13496,ADSL
2016,3,San Luis,11432,1113,354,23,371,13293,11660,1084,361,30,384,13521,ADSL
2016,4,San Luis,11432,1120,354,26,375,13307,11660,1135,361,23,378,13558,ADSL
2017,1,San Luis,11432,1120,354,26,375,13307,11660,1142,361,26,382,13573,ADSL
2017,2,San Luis,11432,1120,354,26,375,13307,11660,1142,361,26,382,13573,ADSL
2017,3,San Luis,11407,7576,347,26,2363,21719,11660,1142,361,26,382,13573,ADSL
2017,4,San Luis,11104,1119,335,17,2329,14904,11635,7727,353,26,2410,22153,ADSL
2018,1,San Luis,11104,7594,368,16,2314,21396,11326,1141,341,17,2375,15202,ADSL
2018,2,San Luis,11104,7666,368,16,2314,21468,11326,7745,375,16,2360,21823,ADSL
2018,3,San Luis,11096,7784,368,52859,2314,74421,11326,7819,375,16,2360,21897,Wireless
2018,4,San Luis,11108,7784,378,53097,23964,96331,11317,7939,375,53916,2360,75909,Wireless
2019,1,San Luis,11108,7784,378,53097,23968,96335,11330,7939,385,54158,24443,98257,Wireless
2019,2,San Luis,11130,10298,347,57242,38368,117385,11330,7939,385,54158,24447,98261,Wireless
2019,3,San Luis,13037,10561,350,62286,36466,122700,11352,10503,353,58386,39135,119732,Wireless
2019,4,San Luis,8569,8027,6,55266,36333,108201,13297,10772,357,63531,37195,125154,Wireless
2020,1,San Luis,8301,7612,5,58301,36333,110552,8740,8187,6,56371,37059,110365,Wireless
2020,2,San Luis,8401,8357,6,60935,36253,113952,8467,7764,5,59467,37059,112763,Wireless
2020,3,San Luis,8401,10077,6,61828,36253,116565,8569,8524,6,62153,36978,116231,Wireless
2020,4,San Luis,8417,11767,27,63019,36205,119435,8569,10278,6,63064,36978,118896,Wireless
2021,1,San Luis,8417,10678,28,63826,36205,119154,8585,12002,27,64279,36929,121823,Wireless
2021,2,San Luis,8417,11308,28,66860,36205,122818,8585,10891,28,65102,36929,121537,Wireless
2021,3,San Luis,8417,11884,27,68856,28680,117864,8585,11534,28,68197,36929,125274,Wireless
2021,4,San Luis,8472,11064,30,70560,28723,118849,8585,12121,27,70233,29253,120221,Wireless
2022,1,San Luis,7987,11296,31,71809,28721,119844,8641,11285,30,71971,29297,121225,Wireless
2022,2,San Luis,6860,29034,248,70614,14985,121741,8146,11521,31,73245,29295,122240,Wireless
2022,3,San Luis,6860,29363,248,70614,14985,122070,6997,29614,252,72026,15284,124175,Wireless
2022,4,San Luis,6283,43460,3409,81557,511,135220,6997,29950,252,72026,15284,124511,Wireless
2023,1,San Luis,6283,42789,6952,78954,485,135463,6408,44329,3477,83188,521,137924,Wireless
2023,2,San Luis,4937,41949,15595,77960,307,140748,6408,43644,7091,80533,494,138172,Wireless
2023,3,San Luis,4037,41624,24525,78431,299,148916,5035,42787,15906,79519,313,143562,Wireless
2023,4,San Luis,4037,41260,30135,78954,299,154685,4117,42456,25015,79999,304,151894,Wireless
2024,1,San Luis,4038,41260,31539,78954,299,156090,4117,42085,30737,80533,304,157778,Wireless
2024,2,San Luis,4038,40063,34255,78954,299,157609,4118,42085,32169,80533,304,159211,Wireless
2014,1,Santa Cruz,18927,100,381,4092,3264,26764,0,0,0,0,0,0,ADSL
2014,2,Santa Cruz,18956,448,381,4118,3266,27169,19305,102,388,4173,3329,27299,ADSL
2014,3,Santa Cruz,17862,492,385,4273,3098,26110,19335,456,388,4200,3331,27712,ADSL
2014,4,Santa Cruz,17553,448,388,4395,2929,25713,18219,501,392,4358,3159,26632,ADSL
2015,1,Santa Cruz,16215,2700,392,4772,2562,26641,17904,456,395,4482,2987,26227,ADSL
2015,2,Santa Cruz,15343,2707,396,4917,2400,25763,16539,2754,399,4867,2613,27173,ADSL
2015,3,Santa Cruz,15540,2718,396,5226,2391,26271,15649,2761,403,5015,2448,26278,ADSL
2015,4,Santa Cruz,15614,2723,396,5261,2409,26403,15850,2772,403,5330,2438,26796,ADSL
2016,1,Santa Cruz,15654,2723,396,5088,2426,26287,15926,2777,403,5366,2457,26931,ADSL
2016,2,Santa Cruz,15453,2722,396,4996,2586,26153,15967,2777,403,5189,2474,26812,ADSL
2016,3,Santa Cruz,15570,2722,817,4978,2170,26257,15762,2776,403,5095,2637,26676,ADSL
2016,4,Santa Cruz,15607,2722,1055,4823,2257,26464,15881,2776,833,5077,2213,26782,ADSL
2017,1,Santa Cruz,15502,2722,1272,4733,2257,26486,15919,2776,1076,4919,2302,26993,ADSL
2017,2,Santa Cruz,15311,2722,1365,4735,2255,26388,15812,2776,1297,4827,2302,27015,ADSL
2017,3,Santa Cruz,19220,5487,1544,4552,2887,33690,15617,2776,1392,4829,2300,26915,ADSL
2017,4,Santa Cruz,18614,1668,582,4638,3950,29452,19604,5596,1574,4643,2944,34363,ADSL
2018,1,Santa Cruz,18615,4474,1799,6734,2783,34405,18986,1701,593,4730,4029,30041,ADSL
2018,2,Santa Cruz,18615,4474,585,6734,3997,34405,18987,4563,1834,6868,2838,35093,ADSL
2018,3,Santa Cruz,18606,4574,585,6238,3996,33999,18987,4563,596,6868,4076,35093,ADSL
2018,4,Santa Cruz,10659,4615,382,6378,2734,24768,18978,4665,596,6362,4075,34678,ADSL
2019,1,Santa Cruz,10659,4615,382,6514,2735,24905,10872,4707,389,6505,2788,25263,ADSL
2019,2,Santa Cruz,10665,10257,379,6514,2735,30550,10872,4707,389,6644,2789,25403,ADSL
2019,3,Santa Cruz,10663,17056,969,6544,2738,37970,10878,10462,386,6644,2789,31161,Cablemodem
2019,4,Santa Cruz,13264,15899,1036,6800,2371,39370,10876,17397,988,6674,2792,38729,Cablemodem
2020,1,Santa Cruz,12845,15766,1026,6817,2368,38822,13529,16216,1056,6936,2418,40157,Cablemodem
2020,2,Santa Cruz,12845,16044,1027,6585,2368,38869,13101,16081,1046,6953,2415,39598,Cablemodem
2020,3,Santa Cruz,12845,16098,1027,6938,2373,39281,13101,16364,1047,6716,2415,39646,Cablemodem
2020,4,Santa Cruz,12347,19657,1041,4659,2970,40674,13101,16419,1047,7076,2420,40066,Cablemodem
2021,1,Santa Cruz,12347,23089,5975,4264,390,46065,12593,20050,1061,4752,3029,41487,Cablemodem
2021,2,Santa Cruz,12347,22967,6328,4269,3071,48982,12593,23550,6094,4349,397,46986,Cablemodem
2021,3,Santa Cruz,12347,22961,6328,4269,3071,48976,12593,23426,6454,4354,3132,49961,Cablemodem
2021,4,Santa Cruz,10790,22902,10031,4346,417,48486,12593,23420,6454,4354,3132,49955,Cablemodem
2022,1,Santa Cruz,10537,23420,10766,3974,405,49102,11005,23360,10231,4432,425,49455,Cablemodem
2022,2,Santa Cruz,10170,23725,10815,3896,579,49185,10747,23888,10981,4053,413,50084,Cablemodem
2022,3,Santa Cruz,10170,24047,10815,3896,582,49510,10373,24199,11031,3973,590,50168,Cablemodem
2022,4,Santa Cruz,9702,23876,12217,3746,662,50203,10373,24527,11031,3973,593,50500,Cablemodem
2023,1,Santa Cruz,9702,23839,12217,3660,943,50361,9896,24353,12461,3820,675,51207,Cablemodem
2023,2,Santa Cruz,9019,23896,11269,3660,758,48602,9896,24315,12461,3733,961,51368,Cablemodem
2023,3,Santa Cruz,8376,23931,11270,3660,750,47987,9199,24373,11494,3733,773,49574,Cablemodem
2023,4,Santa Cruz,7768,15669,55246,7687,661,87031,8543,24409,11495,3733,765,48946,Fibra optica
2024,1,Santa Cruz,7768,14435,49545,7799,661,80208,7923,15982,56350,7840,674,88771,Fibra optica
2024,2,Santa Cruz,7768,14134,49545,11353,661,83461,7923,14723,50535,7954,674,81812,Fibra optica
2014,1,Santa Fe,322662,174296,3059,5951,644,506612,0,0,0,0,0,0,ADSL
2014,2,Santa Fe,324101,178495,3085,6041,636,512358,329115,177781,3120,6070,656,516744,ADSL
2014,3,Santa Fe,325577,183630,4407,6540,733,520887,330583,182064,3146,6161,648,522605,ADSL
2014,4,Santa Fe,335267,183009,3205,6282,1634,529397,332088,187302,4495,6670,747,531304,ADSL
2015,1,Santa Fe,328809,199037,2845,4239,1507,536437,341972,186669,3269,6407,1666,539984,ADSL
2015,2,Santa Fe,333117,204685,2877,4320,1389,546388,335385,203017,2901,4323,1537,547165,ADSL
2015,3,Santa Fe,337042,209673,4169,4426,1428,556738,339779,208778,2934,4406,1416,557315,ADSL
2015,4,Santa Fe,339843,212911,2885,4596,1437,561672,343782,213866,4252,4514,1456,567872,ADSL
2016,1,Santa Fe,338052,204816,3014,4686,1428,551996,346639,217169,2942,4687,1465,572905,ADSL
2016,2,Santa Fe,336244,219088,2981,4744,1417,564474,344813,208912,3074,4779,1456,563035,ADSL
2016,3,Santa Fe,334911,223011,3037,4862,1190,567011,342968,223469,3040,4838,1445,575763,ADSL
2016,4,Santa Fe,326721,225792,3201,4946,1172,561832,341609,227471,3097,4959,1213,578351,ADSL
2017,1,Santa Fe,327458,226094,3210,4948,1172,562882,333255,230307,3265,5044,1195,573068,ADSL
2017,2,Santa Fe,329813,228102,3234,4958,1173,567280,334007,230615,3274,5046,1195,574139,ADSL
2017,3,Santa Fe,322953,290655,6338,4897,37499,662342,336409,232664,3298,5057,1196,578625,ADSL
2017,4,Santa Fe,341680,293831,10602,10965,15382,672460,329412,296468,6464,4994,38248,675588,ADSL
2018,1,Santa Fe,341997,300421,10674,11636,15298,680026,348513,299707,10814,11184,15689,685909,ADSL
2018,2,Santa Fe,337934,304349,11354,15801,15114,684552,348836,306429,10887,11868,15603,693626,ADSL
2018,3,Santa Fe,339126,312866,11749,16337,15022,695100,344692,310435,11581,16117,15416,698243,ADSL
2018,4,Santa Fe,335519,322782,14387,18705,28997,720390,345908,319123,11983,16663,15322,709002,ADSL
2019,1,Santa Fe,340038,340344,15621,23215,17860,737078,342229,329237,14674,19079,29576,734797,Cablemodem
2019,2,Santa Fe,325420,355140,18236,21980,22708,743484,346838,347150,15933,23679,18217,751819,Cablemodem
2019,3,Santa Fe,319396,377171,18690,24269,21408,760934,331928,362242,18600,22419,23162,758353,Cablemodem
2019,4,Santa Fe,312072,382254,27464,26978,20401,769169,325783,384714,19063,24754,21836,776152,Cablemodem
2020,1,Santa Fe,302366,383673,35123,30488,19468,771118,318313,389899,28013,27517,20809,784552,Cablemodem
2020,2,Santa Fe,299974,381679,46698,30487,19094,777932,308413,391346,35825,31097,19857,786540,Cablemodem
2020,3,Santa Fe,295051,405807,45721,37112,19307,802998,305973,389312,47631,31096,19475,793490,Cablemodem
2020,4,Santa Fe,287271,414746,62692,38712,17392,820813,300952,413923,46635,37854,19693,819057,Cablemodem
2021,1,Santa Fe,277012,421480,70976,39140,17519,826127,293016,423040,63945,39486,17739,837229,Cablemodem
2021,2,Santa Fe,256741,431915,90424,43997,17523,840600,282552,429909,72395,39922,17869,842649,Cablemodem
2021,3,Santa Fe,245929,443156,93412,43447,15640,841584,261875,440553,92232,44876,17873,857412,Cablemodem
2021,4,Santa Fe,233427,444373,128856,43556,16229,866441,250847,452019,95280,44315,15952,858415,Cablemodem
2022,1,Santa Fe,213486,444609,146552,45261,20571,870479,238095,453260,131433,44427,16553,883769,Cablemodem
2022,2,Santa Fe,198492,428233,189503,43081,19550,878859,217755,453501,149483,46166,20982,887888,Cablemodem
2022,3,Santa Fe,183740,426255,215189,43079,19547,887810,202461,436797,193293,43942,19941,896436,Cablemodem
2022,4,Santa Fe,163621,412157,248558,44113,19242,887691,187414,434780,219492,43940,19937,905566,Cablemodem
2023,1,Santa Fe,138935,405618,283988,43487,14246,886274,166893,420400,253529,44995,19626,905444,Cablemodem
2023,2,Santa Fe,126344,399669,311166,44134,14501,895814,141713,413730,289667,44356,14530,903999,Cablemodem
2023,3,Santa Fe,108503,397854,336013,44545,13437,900352,128870,407662,317389,45016,14791,913730,Cablemodem
2023,4,Santa Fe,97004,398670,355762,44521,13544,909501,110673,405811,342733,45435,13705,918359,Cablemodem
2024,1,Santa Fe,86548,399817,374288,44162,13773,918588,98944,406643,362877,45411,13814,927691,Cablemodem
2024,2,Santa Fe,88486,394939,390090,44286,13172,930973,88278,407813,381773,45045,14048,936959,Cablemodem
2014,1,Santiago Del Estero,32567,3598,19,915,34,37133,0,0,0,0,0,0,ADSL
2014,2,Santiago Del Estero,32820,4231,19,907,34,38011,33218,3669,19,933,34,37875,ADSL
2014,3,Santiago Del Estero,32820,3900,19,768,41,37548,33476,4315,19,925,34,38771,ADSL
2014,4,Santiago Del Estero,34110,4231,19,920,37,39317,33476,3978,19,783,41,38298,ADSL
2015,1,Santiago Del Estero,33813,4365,19,1020,35,39252,34792,4315,19,938,37,40103,ADSL
2015,2,Santiago Del Estero,33873,4365,19,1091,30,39378,34489,4452,19,1040,35,40037,ADSL
2015,3,Santiago Del Estero,33886,4365,19,1097,30,39397,34550,4452,19,1112,30,40165,ADSL
2015,4,Santiago Del Estero,33582,4365,19,1139,30,39135,34563,4452,19,1118,30,40184,ADSL
2016,1,Santiago Del Estero,32838,3900,19,911,30,37698,34253,4452,19,1161,30,39917,ADSL
2016,2,Santiago Del Estero,32101,3900,19,911,30,36961,33494,3978,19,929,30,38451,ADSL
2016,3,Santiago Del Estero,31730,3900,19,3,8,35660,32743,3978,19,929,30,37700,ADSL
2016,4,Santiago Del Estero,30192,3900,19,911,29,35051,32364,3978,19,3,8,36373,ADSL
2017,1,Santiago Del Estero,29616,3900,19,911,29,34475,30795,3978,19,929,29,35752,ADSL
2017,2,Santiago Del Estero,28337,3900,19,911,29,33196,30208,3978,19,929,29,35164,ADSL
2017,3,Santiago Del Estero,27733,54096,19,911,35,82794,28903,3978,19,929,29,33859,Cablemodem
2017,4,Santiago Del Estero,27313,40407,19,1025,80,68844,28287,55177,19,929,35,84449,Cablemodem
2018,1,Santiago Del Estero,26788,54594,23,1432,81,82918,27859,41215,19,1045,81,70220,Cablemodem
2018,2,Santiago Del Estero,26074,55935,23,1662,81,83775,27323,55685,23,1460,82,84576,Cablemodem
2018,3,Santiago Del Estero,25805,58789,23,1662,81,86360,26595,57053,23,1695,82,85450,Cablemodem
2018,4,Santiago Del Estero,25339,61243,23,2649,81,89335,26321,59964,23,1695,82,88087,Cablemodem
2019,1,Santiago Del Estero,25337,61547,23,2847,99,89853,25845,62467,23,2701,82,91121,Cablemodem
2019,2,Santiago Del Estero,24393,64783,219,2759,34600,126754,25843,62777,23,2903,100,91650,Cablemodem
2019,3,Santiago Del Estero,24556,71198,219,2759,34400,133132,24880,66078,223,2814,35292,129289,Cablemodem
2019,4,Santiago Del Estero,24682,71239,200,2810,4657,103588,25047,72621,223,2814,35088,135794,Cablemodem
2020,1,Santiago Del Estero,24695,70424,200,2779,4657,102755,25175,72663,204,2866,4750,105659,Cablemodem
2020,2,Santiago Del Estero,25917,72074,355,3038,4063,105447,25188,71832,204,2834,4750,104810,Cablemodem
2020,3,Santiago Del Estero,26419,70720,555,4185,3613,105492,26435,73515,362,3098,4144,107555,Cablemodem
2020,4,Santiago Del Estero,26812,70522,570,5169,3596,106669,26947,72134,566,4268,3685,107601,Cablemodem
2021,1,Santiago Del Estero,26468,75849,570,5158,3596,111641,27348,71932,581,5272,3667,108802,Cablemodem
2021,2,Santiago Del Estero,20734,83770,909,5081,3596,114090,26997,77365,581,5261,3667,113873,Cablemodem
2021,3,Santiago Del Estero,19939,85535,909,6147,2928,115458,21148,85445,927,5182,3667,116371,Cablemodem
2021,4,Santiago Del Estero,19032,86563,1088,6256,2922,115861,20337,87245,927,6269,2986,117767,Cablemodem
2022,1,Santiago Del Estero,18118,87979,1093,6349,2922,116461,19412,88294,1109,6381,2980,118178,Cablemodem
2022,2,Santiago Del Estero,16561,80338,11605,6618,2922,118044,18480,89738,1114,6475,2980,118790,Cablemodem
2022,3,Santiago Del Estero,15385,80937,13170,6618,2922,119032,16892,81944,11837,6750,2980,120404,Cablemodem
2022,4,Santiago Del Estero,13577,80955,15117,6911,2934,119494,15692,82555,13433,6750,2980,121412,Cablemodem
2023,1,Santiago Del Estero,11642,80407,16656,6916,2934,118555,13848,82574,15419,7049,2992,121883,Cablemodem
2023,2,Santiago Del Estero,10629,80086,17244,6916,2934,117809,11874,82015,16989,7054,2992,120926,Cablemodem
2023,3,Santiago Del Estero,9412,80919,21745,6916,2936,121928,10841,81687,17588,7054,2992,120165,Cablemodem
2023,4,Santiago Del Estero,8290,80692,24271,7057,2920,123230,9600,82537,22179,7054,2994,124366,Cablemodem
2024,1,Santiago Del Estero,6644,80722,27018,7058,2920,124362,8455,82305,24756,7198,2978,125694,Cablemodem
2024,2,Santiago Del Estero,5328,80000,30008,7058,2920,125314,6776,82336,27558,7199,2978,126849,Cablemodem
2014,1,Tierra Del Fuego,21618,2837,648,1,2934,28038,0,0,0,0,0,0,ADSL
2014,2,Tierra Del Fuego,21618,3008,648,1,2934,28209,22050,2893,660,1,2992,28598,ADSL
2014,3,Tierra Del Fuego,21840,3469,650,1,2832,28792,22050,3068,660,1,2992,28773,ADSL
2014,4,Tierra Del Fuego,21948,3664,655,1,2722,28990,22276,3538,663,1,2888,29367,ADSL
2015,1,Tierra Del Fuego,22291,7924,657,1,2583,33456,22386,3737,668,1,2776,29569,ADSL
2015,2,Tierra Del Fuego,22636,7927,665,1,2350,33579,22736,8082,670,1,2634,34125,ADSL
2015,3,Tierra Del Fuego,22636,8085,665,1,2350,33737,23088,8085,678,1,2397,34250,ADSL
2015,4,Tierra Del Fuego,22636,4301,665,1,2350,29953,23088,8246,678,1,2397,34411,ADSL
2016,1,Tierra Del Fuego,22636,4834,665,1,2350,30486,23088,4387,678,1,2397,30552,ADSL
2016,2,Tierra Del Fuego,22636,5707,665,1,2350,31359,23088,4930,678,1,2397,31095,ADSL
2016,3,Tierra Del Fuego,22636,6276,665,1,2347,31925,23088,5821,678,1,2397,31986,ADSL
2016,4,Tierra Del Fuego,22636,6905,665,1,2350,32557,23088,6401,678,1,2393,32563,ADSL
2017,1,Tierra Del Fuego,22636,6905,665,1,2350,32557,23088,7043,678,1,2397,33208,ADSL
2017,2,Tierra Del Fuego,22636,6905,665,1,2350,32557,23088,7043,678,1,2397,33208,ADSL
2017,3,Tierra Del Fuego,21587,7012,622,1,2244,31466,23088,7043,678,1,2397,33208,ADSL
2017,4,Tierra Del Fuego,19372,6906,530,1,2045,28854,22018,7152,634,1,2288,32095,ADSL
2018,1,Tierra Del Fuego,19372,9663,531,1,2047,31614,19759,7044,540,1,2085,29431,ADSL
2018,2,Tierra Del Fuego,19372,22756,531,1,2047,44707,19759,9856,541,1,2087,32246,Cablemodem
2018,3,Tierra Del Fuego,19365,22649,1502,1,2047,45564,19759,23211,541,1,2087,45601,Cablemodem
2018,4,Tierra Del Fuego,19789,23349,1623,0,1499,46260,19752,23101,1532,1,2087,46475,Cablemodem
2019,1,Tierra Del Fuego,19789,23549,1623,0,1486,46447,20184,23815,1655,0,1528,47185,Cablemodem
2019,2,Tierra Del Fuego,19790,25527,651,0,1486,47454,20184,24019,1655,0,1515,47375,Cablemodem
2019,3,Tierra Del Fuego,19790,26659,651,0,1487,48587,20185,26037,664,0,1515,48403,Cablemodem
2019,4,Tierra Del Fuego,13261,26821,0,0,310,40392,20185,27192,664,0,1516,49558,Cablemodem
2020,1,Tierra Del Fuego,12854,25632,0,0,308,38794,13526,27357,0,0,316,41199,Cablemodem
2020,2,Tierra Del Fuego,12854,26025,0,0,310,39189,13111,26144,0,0,314,39569,Cablemodem
2020,3,Tierra Del Fuego,12854,26491,0,0,310,39655,13111,26545,0,0,316,39972,Cablemodem
2020,4,Tierra Del Fuego,12853,26439,6,0,316,39614,13111,27020,0,0,316,40448,Cablemodem
2021,1,Tierra Del Fuego,12853,27247,6,0,316,40422,13110,26967,6,0,322,40406,Cablemodem
2021,2,Tierra Del Fuego,12853,22504,6,14,316,35693,13110,27791,6,0,322,41230,Cablemodem
2021,3,Tierra Del Fuego,12853,36958,6,16,390,50223,13110,22954,6,14,322,36406,Cablemodem
2021,4,Tierra Del Fuego,13317,38148,426,124,342,52357,13110,37697,6,16,397,51227,Cablemodem
2022,1,Tierra Del Fuego,13031,38700,416,124,340,52611,13583,38910,434,126,348,53404,Cablemodem
2022,2,Tierra Del Fuego,12754,39837,403,125,651,53770,13291,39474,424,126,346,53663,Cablemodem
2022,3,Tierra Del Fuego,12754,39963,403,125,651,53896,13009,40633,411,127,664,54845,Cablemodem
2022,4,Tierra Del Fuego,12754,41293,405,157,651,55260,13009,40762,411,127,664,54973,Cablemodem
2023,1,Tierra Del Fuego,12754,43146,405,157,651,57113,13009,42118,413,160,664,56365,Cablemodem
2023,2,Tierra Del Fuego,12392,45224,525,157,337,58635,13009,44008,413,160,664,58255,Cablemodem
2023,3,Tierra Del Fuego,9357,45203,3682,157,332,58731,12639,46128,535,160,343,59807,Cablemodem
2023,4,Tierra Del Fuego,9357,48071,3682,157,332,61599,9544,46107,3755,160,338,59905,Cablemodem
2024,1,Tierra Del Fuego,9357,48005,3684,177,332,61555,9544,49032,3755,160,338,62830,Cablemodem
2024,2,Tierra Del Fuego,9357,47859,3684,177,332,61409,9544,48965,3757,180,338,62786,Cablemodem
2014,1,Tucumán,129717,83,121,13,98,130032,0,0,0,0,0,0,ADSL
2014,2,Tucumán,131740,97,121,13,98,132069,132311,84,123,13,99,132632,ADSL
2014,3,Tucumán,131739,97,117,13,100,132066,134374,98,123,13,99,134710,ADSL
2014,4,Tucumán,137093,97,116,13,105,137424,134373,98,119,13,102,134707,ADSL
2015,1,Tucumán,137857,115,116,88,100,138276,139834,98,118,13,107,140172,ADSL
2015,2,Tucumán,139944,479,116,88,50,140677,140614,117,118,89,102,141041,ADSL
2015,3,Tucumán,142925,1135,116,88,50,144314,142742,488,118,89,51,143490,ADSL
2015,4,Tucumán,144188,1653,116,88,50,146095,145783,1157,118,89,51,147200,ADSL
2016,1,Tucumán,144233,2165,116,74,49,146637,147071,1686,118,89,51,149016,ADSL
2016,2,Tucumán,145486,2968,116,58,49,148677,147117,2208,118,75,49,149569,ADSL
2016,3,Tucumán,147259,3850,116,53,41,151319,148395,3027,118,59,49,151650,ADSL
2016,4,Tucumán,146995,4482,116,14,45,151652,150204,3927,118,54,41,154345,ADSL
2017,1,Tucumán,147373,5223,116,14,45,152771,149934,4571,118,14,45,154685,ADSL
2017,2,Tucumán,149013,5223,116,14,45,154411,150320,5327,118,14,45,155826,ADSL
2017,3,Tucumán,154130,6431,106,40,305,161012,151993,5327,118,14,45,157499,ADSL
2017,4,Tucumán,156583,5223,105,102,319,162332,157212,6559,108,40,311,164232,ADSL
2018,1,Tucumán,158611,8921,107,368,50,168057,159714,5327,107,104,325,165578,ADSL
2018,2,Tucumán,160315,8965,110,252,315,169957,161783,9099,109,375,51,171418,ADSL
2018,3,Tucumán,161209,9280,110,252,315,171166,163521,9144,112,257,321,173356,ADSL
2018,4,Tucumán,159215,11670,119,686,314,172004,164433,9465,112,257,321,174589,ADSL
2019,1,Tucumán,159215,11670,118,678,321,172002,162399,11903,121,699,320,175444,ADSL
2019,2,Tucumán,153121,12089,116,684,321,166331,162399,11903,120,691,327,175442,ADSL
2019,3,Tucumán,150918,12089,116,684,324,164131,156183,12330,118,697,327,169657,ADSL
2019,4,Tucumán,146985,11012,39574,725,348,198644,153936,12330,118,697,330,167413,ADSL
2020,1,Tucumán,143184,10494,44687,1355,347,200067,149924,11232,40365,739,354,202616,ADSL
2020,2,Tucumán,150084,9833,55120,1357,762,217156,146047,10703,45580,1382,353,204068,ADSL
2020,3,Tucumán,149605,11752,59949,1808,762,223876,153085,10029,56222,1384,777,221499,ADSL
2020,4,Tucumán,149322,11150,68043,1834,740,231089,152597,11987,61147,1844,777,228353,ADSL
2021,1,Tucumán,147199,12185,69954,1834,740,231912,152308,11373,69403,1870,754,235710,ADSL
2021,2,Tucumán,110429,48359,71683,1837,743,233051,150142,12428,71353,1870,754,236550,ADSL
2021,3,Tucumán,104489,53868,70964,2408,743,232472,112637,49326,73116,1873,757,237712,ADSL
2021,4,Tucumán,97830,59022,78790,2511,486,238639,106578,54945,72383,2456,757,237121,ADSL
2022,1,Tucumán,92532,62396,86174,3995,487,245584,99786,60202,80365,2561,495,243411,ADSL
2022,2,Tucumán,85893,15327,148823,3997,487,254527,94382,63643,87897,4074,496,250495,Fibra optica
2022,3,Tucumán,77738,18518,162345,3997,519,263117,87610,15633,151799,4076,496,259617,Fibra optica
2022,4,Tucumán,69441,20668,168717,4069,527,263422,79292,18888,165591,4076,529,268379,Fibra optica
2023,1,Tucumán,55822,19482,180976,4293,527,261100,70829,21081,172091,4150,537,268690,Fibra optica
2023,2,Tucumán,50019,20012,188986,4060,525,263602,56938,19871,184595,4378,537,266322,Fibra optica
2023,3,Tucumán,46348,20545,195053,4088,523,266557,51019,20412,192765,4141,535,268874,Fibra optica
2023,4,Tucumán,41318,20267,199876,4357,517,266335,47274,20955,198954,4169,533,271888,Fibra optica
2024,1,Tucumán,33682,20361,205959,4075,518,264595,42144,20672,203873,4444,527,271661,Fibra optica
2024,2,Tucumán,27968,20806,213753,3869,518,266914,34355,20768,210078,4156,528,269886,Fibra optica
