Año,Trimestre,Provincia,Accesos/100 hogares,Latitud,Longitud,Accesos hogares trimestre anterior,Accesos hogares meta
2014,1,Buenos Aires,"54,57","-36,6769","-60,5588","0,00","0,00"
2014,2,Buenos Aires,"55,06","-36,6769","-60,5588","54,57","55,66"
2014,3,Buenos Aires,"56,75","-36,6769","-60,5588","55,06","56,16"
2014,4,Buenos Aires,"56,09","-36,6769","-60,5588","56,75","57,89"
2015,1,Buenos Aires,"56,37","-36,6769","-60,5588","56,09","57,22"
2015,2,Buenos Aires,"56,80","-36,6769","-60,5588","56,37","57,50"
2015,3,Buenos Aires,"57,69","-36,6769","-60,5588","56,80","57,94"
2015,4,Buenos Aires,"58,29","-36,6769","-60,5588","57,69","58,84"
2016,1,Buenos Aires,"57,34","-36,6769","-60,5588","58,29","59,46"
2016,2,Buenos Aires,"59,34","-36,6769","-60,5588","57,34","58,48"
2016,3,Buenos Aires,"60,14","-36,6769","-60,5588","59,34","60,53"
2016,4,Buenos Aires,"61,24","-36,6769","-60,5588","60,14","61,35"
2017,1,Buenos Aires,"58,57","-36,6769","-60,5588","61,24","62,46"
2017,2,Buenos Aires,"56,27","-36,6769","-60,5588","58,57","59,75"
2017,3,Buenos Aires,"55,63","-36,6769","-60,5588","56,27","57,40"
2017,4,Buenos Aires,"57,61","-36,6769","-60,5588","55,63","56,74"
2018,1,Buenos Aires,"62,63","-36,6769","-60,5588","57,61","58,76"
2018,2,Buenos Aires,"62,78","-36,6769","-60,5588","62,63","63,88"
2018,3,Buenos Aires,"64,44","-36,6769","-60,5588","62,78","64,04"
2018,4,Buenos Aires,"64,60","-36,6769","-60,5588","64,44","65,73"
2019,1,Buenos Aires,"66,24","-36,6769","-60,5588","64,60","65,89"
2019,2,Buenos Aires,"67,85","-36,6769","-60,5588","66,24","67,57"
2019,3,Buenos Aires,"69,36","-36,6769","-60,5588","67,85","69,20"
2019,4,Buenos Aires,"64,25","-36,6769","-60,5588","69,36","70,74"
2020,1,Buenos Aires,"64,33","-36,6769","-60,5588","64,25","65,54"
2020,2,Buenos Aires,"65,22","-36,6769","-60,5588","64,33","65,61"
2020,3,Buenos Aires,"67,66","-36,6769","-60,5588","65,22","66,52"
2020,4,Buenos Aires,"68,98","-36,6769","-60,5588","67,66","69,01"
2021,1,Buenos Aires,"69,11","-36,6769","-60,5588","68,98","70,36"
2021,2,Buenos Aires,"70,00","-36,6769","-60,5588","69,11","70,49"
2021,3,Buenos Aires,"71,68","-36,6769","-60,5588","70,00","71,40"
2021,4,Buenos Aires,"75,66","-36,6769","-60,5588","71,68","73,12"
2022,1,Buenos Aires,"76,08","-36,6769","-60,5588","75,66","77,18"
2022,2,Buenos Aires,"77,58","-36,6769","-60,5588","76,08","77,60"
2022,3,Buenos Aires,"78,11","-36,6769","-60,5588","77,58","79,13"
2022,4,Buenos Aires,"78,94","-36,6769","-60,5588","78,11","79,67"
2023,1,Buenos Aires,"79,00","-36,6769","-60,5588","78,94","80,52"
2023,2,Buenos Aires,"79,67","-36,6769","-60,5588","79,00","80,58"
2023,3,Buenos Aires,"80,64","-36,6769","-60,5588","79,67","81,26"
2023,4,Buenos Aires,"80,96","-36,6769","-60,5588","80,64","82,25"
2024,1,Buenos Aires,"81,10","-36,6769","-60,5588","80,96","82,58"
2024,2,Buenos Aires,"79,84","-36,6769","-60,5588","81,10","82,72"
2014,1,Capital Federal,"112,25","-34,6037","-58,3816","0,00","0,00"
2014,2,Capital Federal,"113,14","-34,6037","-58,3816","112,25","114,50"
2014,3,Capital Federal,"113,80","-34,6037","-58,3816","113,14","115,41"
2014,4,Capital Federal,"114,90","-34,6037","-58,3816","113,80","116,08"
2015,1,Capital Federal,"114,90","-34,6037","-58,3816","114,90","117,19"
2015,2,Capital Federal,"116,07","-34,6037","-58,3816","114,90","117,19"
2015,3,Capital Federal,"118,29","-34,6037","-58,3816","116,07","118,39"
2015,4,Capital Federal,"118,13","-34,6037","-58,3816","118,29","120,65"
2016,1,Capital Federal,"115,16","-34,6037","-58,3816","118,13","120,49"
2016,2,Capital Federal,"120,04","-34,6037","-58,3816","115,16","117,46"
2016,3,Capital Federal,"120,77","-34,6037","-58,3816","120,04","122,44"
2016,4,Capital Federal,"120,63","-34,6037","-58,3816","120,77","123,19"
2017,1,Capital Federal,"108,37","-34,6037","-58,3816","120,63","123,04"
2017,2,Capital Federal,"124,06","-34,6037","-58,3816","108,37","110,54"
2017,3,Capital Federal,"121,86","-34,6037","-58,3816","124,06","126,54"
2017,4,Capital Federal,"122,90","-34,6037","-58,3816","121,86","124,30"
2018,1,Capital Federal,"106,24","-34,6037","-58,3816","122,90","125,36"
2018,2,Capital Federal,"106,53","-34,6037","-58,3816","106,24","108,36"
2018,3,Capital Federal,"108,45","-34,6037","-58,3816","106,53","108,67"
2018,4,Capital Federal,"108,27","-34,6037","-58,3816","108,45","110,61"
2019,1,Capital Federal,"109,20","-34,6037","-58,3816","108,27","110,44"
2019,2,Capital Federal,"110,55","-34,6037","-58,3816","109,20","111,38"
2019,3,Capital Federal,"112,65","-34,6037","-58,3816","110,55","112,76"
2019,4,Capital Federal,"106,25","-34,6037","-58,3816","112,65","114,90"
2020,1,Capital Federal,"105,98","-34,6037","-58,3816","106,25","108,37"
2020,2,Capital Federal,"106,41","-34,6037","-58,3816","105,98","108,10"
2020,3,Capital Federal,"107,68","-34,6037","-58,3816","106,41","108,54"
2020,4,Capital Federal,"108,31","-34,6037","-58,3816","107,68","109,83"
2021,1,Capital Federal,"108,42","-34,6037","-58,3816","108,31","110,48"
2021,2,Capital Federal,"110,14","-34,6037","-58,3816","108,42","110,59"
2021,3,Capital Federal,"111,27","-34,6037","-58,3816","110,14","112,35"
2021,4,Capital Federal,"111,27","-34,6037","-58,3816","111,27","113,50"
2022,1,Capital Federal,"111,80","-34,6037","-58,3816","111,27","113,50"
2022,2,Capital Federal,"121,31","-34,6037","-58,3816","111,80","114,03"
2022,3,Capital Federal,"122,28","-34,6037","-58,3816","121,31","123,74"
2022,4,Capital Federal,"122,73","-34,6037","-58,3816","122,28","124,73"
2023,1,Capital Federal,"122,59","-34,6037","-58,3816","122,73","125,18"
2023,2,Capital Federal,"115,48","-34,6037","-58,3816","122,59","125,04"
2023,3,Capital Federal,"116,40","-34,6037","-58,3816","115,48","117,79"
2023,4,Capital Federal,"117,02","-34,6037","-58,3816","116,40","118,73"
2024,1,Capital Federal,"119,53","-34,6037","-58,3816","117,02","119,36"
2024,2,Capital Federal,"116,37","-34,6037","-58,3816","119,53","121,92"
2014,1,Catamarca,"24,25","-28,4696","-65,7795","0,00","0,00"
2014,2,Catamarca,"24,70","-28,4696","-65,7795","24,25","24,74"
2014,3,Catamarca,"24,71","-28,4696","-65,7795","24,70","25,20"
2014,4,Catamarca,"25,51","-28,4696","-65,7795","24,71","25,20"
2015,1,Catamarca,"25,11","-28,4696","-65,7795","25,51","26,02"
2015,2,Catamarca,"25,45","-28,4696","-65,7795","25,11","25,61"
2015,3,Catamarca,"25,86","-28,4696","-65,7795","25,45","25,96"
2015,4,Catamarca,"26,24","-28,4696","-65,7795","25,86","26,38"
2016,1,Catamarca,"25,91","-28,4696","-65,7795","26,24","26,76"
2016,2,Catamarca,"26,07","-28,4696","-65,7795","25,91","26,43"
2016,3,Catamarca,"26,48","-28,4696","-65,7795","26,07","26,60"
2016,4,Catamarca,"26,54","-28,4696","-65,7795","26,48","27,01"
2017,1,Catamarca,"25,66","-28,4696","-65,7795","26,54","27,07"
2017,2,Catamarca,"25,98","-28,4696","-65,7795","25,66","26,17"
2017,3,Catamarca,"32,49","-28,4696","-65,7795","25,98","26,50"
2017,4,Catamarca,"28,62","-28,4696","-65,7795","32,49","33,14"
2018,1,Catamarca,"32,79","-28,4696","-65,7795","28,62","29,19"
2018,2,Catamarca,"32,86","-28,4696","-65,7795","32,79","33,45"
2018,3,Catamarca,"32,92","-28,4696","-65,7795","32,86","33,51"
2018,4,Catamarca,"32,23","-28,4696","-65,7795","32,92","33,57"
2019,1,Catamarca,"32,19","-28,4696","-65,7795","32,23","32,87"
2019,2,Catamarca,"32,13","-28,4696","-65,7795","32,19","32,83"
2019,3,Catamarca,"30,88","-28,4696","-65,7795","32,13","32,77"
2019,4,Catamarca,"36,44","-28,4696","-65,7795","30,88","31,50"
2020,1,Catamarca,"37,62","-28,4696","-65,7795","36,44","37,17"
2020,2,Catamarca,"45,43","-28,4696","-65,7795","37,62","38,37"
2020,3,Catamarca,"47,16","-28,4696","-65,7795","45,43","46,34"
2020,4,Catamarca,"49,41","-28,4696","-65,7795","47,16","48,10"
2021,1,Catamarca,"48,90","-28,4696","-65,7795","49,41","50,40"
2021,2,Catamarca,"52,34","-28,4696","-65,7795","48,90","49,88"
2021,3,Catamarca,"52,71","-28,4696","-65,7795","52,34","53,39"
2021,4,Catamarca,"55,25","-28,4696","-65,7795","52,71","53,76"
2022,1,Catamarca,"58,21","-28,4696","-65,7795","55,25","56,36"
2022,2,Catamarca,"62,40","-28,4696","-65,7795","58,21","59,37"
2022,3,Catamarca,"65,33","-28,4696","-65,7795","62,40","63,65"
2022,4,Catamarca,"65,77","-28,4696","-65,7795","65,33","66,64"
2023,1,Catamarca,"66,17","-28,4696","-65,7795","65,77","67,09"
2023,2,Catamarca,"67,42","-28,4696","-65,7795","66,17","67,49"
2023,3,Catamarca,"68,55","-28,4696","-65,7795","67,42","68,77"
2023,4,Catamarca,"68,63","-28,4696","-65,7795","68,55","69,92"
2024,1,Catamarca,"68,82","-28,4696","-65,7795","68,63","70,00"
2024,2,Catamarca,"68,81","-28,4696","-65,7795","68,82","70,20"
2014,1,Chaco,"20,72","-27,4515","-58,9864","0,00","0,00"
2014,2,Chaco,"20,96","-27,4515","-58,9864","20,72","21,13"
2014,3,Chaco,"21,11","-27,4515","-58,9864","20,96","21,38"
2014,4,Chaco,"21,87","-27,4515","-58,9864","21,11","21,53"
2015,1,Chaco,"26,65","-27,4515","-58,9864","21,87","22,31"
2015,2,Chaco,"27,46","-27,4515","-58,9864","26,65","27,18"
2015,3,Chaco,"27,96","-27,4515","-58,9864","27,46","28,01"
2015,4,Chaco,"28,35","-27,4515","-58,9864","27,96","28,52"
2016,1,Chaco,"28,08","-27,4515","-58,9864","28,35","28,92"
2016,2,Chaco,"28,59","-27,4515","-58,9864","28,08","28,64"
2016,3,Chaco,"28,91","-27,4515","-58,9864","28,59","29,17"
2016,4,Chaco,"28,79","-27,4515","-58,9864","28,91","29,49"
2017,1,Chaco,"28,62","-27,4515","-58,9864","28,79","29,36"
2017,2,Chaco,"29,05","-27,4515","-58,9864","28,62","29,19"
2017,3,Chaco,"29,98","-27,4515","-58,9864","29,05","29,63"
2017,4,Chaco,"30,81","-27,4515","-58,9864","29,98","30,58"
2018,1,Chaco,"30,83","-27,4515","-58,9864","30,81","31,42"
2018,2,Chaco,"31,25","-27,4515","-58,9864","30,83","31,45"
2018,3,Chaco,"32,28","-27,4515","-58,9864","31,25","31,88"
2018,4,Chaco,"32,59","-27,4515","-58,9864","32,28","32,93"
2019,1,Chaco,"32,64","-27,4515","-58,9864","32,59","33,24"
2019,2,Chaco,"34,14","-27,4515","-58,9864","32,64","33,29"
2019,3,Chaco,"35,85","-27,4515","-58,9864","34,14","34,82"
2019,4,Chaco,"36,84","-27,4515","-58,9864","35,85","36,56"
2020,1,Chaco,"37,48","-27,4515","-58,9864","36,84","37,57"
2020,2,Chaco,"39,83","-27,4515","-58,9864","37,48","38,23"
2020,3,Chaco,"41,54","-27,4515","-58,9864","39,83","40,63"
2020,4,Chaco,"43,03","-27,4515","-58,9864","41,54","42,37"
2021,1,Chaco,"43,14","-27,4515","-58,9864","43,03","43,89"
2021,2,Chaco,"43,33","-27,4515","-58,9864","43,14","44,00"
2021,3,Chaco,"42,96","-27,4515","-58,9864","43,33","44,19"
2021,4,Chaco,"44,05","-27,4515","-58,9864","42,96","43,82"
2022,1,Chaco,"44,06","-27,4515","-58,9864","44,05","44,93"
2022,2,Chaco,"43,79","-27,4515","-58,9864","44,06","44,94"
2022,3,Chaco,"43,86","-27,4515","-58,9864","43,79","44,67"
2022,4,Chaco,"43,62","-27,4515","-58,9864","43,86","44,74"
2023,1,Chaco,"43,15","-27,4515","-58,9864","43,62","44,49"
2023,2,Chaco,"42,87","-27,4515","-58,9864","43,15","44,01"
2023,3,Chaco,"42,87","-27,4515","-58,9864","42,87","43,73"
2023,4,Chaco,"44,35","-27,4515","-58,9864","42,87","43,73"
2024,1,Chaco,"46,70","-27,4515","-58,9864","44,35","45,24"
2024,2,Chaco,"44,06","-27,4515","-58,9864","46,70","47,63"
2014,1,Chubut,"41,24","-43,3002","-65,1023","0,00","0,00"
2014,2,Chubut,"41,41","-43,3002","-65,1023","41,24","42,06"
2014,3,Chubut,"40,60","-43,3002","-65,1023","41,41","42,24"
2014,4,Chubut,"40,25","-43,3002","-65,1023","40,60","41,41"
2015,1,Chubut,"37,61","-43,3002","-65,1023","40,25","41,05"
2015,2,Chubut,"36,58","-43,3002","-65,1023","37,61","38,37"
2015,3,Chubut,"36,81","-43,3002","-65,1023","36,58","37,31"
2015,4,Chubut,"36,89","-43,3002","-65,1023","36,81","37,55"
2016,1,Chubut,"36,09","-43,3002","-65,1023","36,89","37,63"
2016,2,Chubut,"36,12","-43,3002","-65,1023","36,09","36,81"
2016,3,Chubut,"36,18","-43,3002","-65,1023","36,12","36,85"
2016,4,Chubut,"36,07","-43,3002","-65,1023","36,18","36,90"
2017,1,Chubut,"35,66","-43,3002","-65,1023","36,07","36,79"
2017,2,Chubut,"35,55","-43,3002","-65,1023","35,66","36,38"
2017,3,Chubut,"46,22","-43,3002","-65,1023","35,55","36,26"
2017,4,Chubut,"51,46","-43,3002","-65,1023","46,22","47,14"
2018,1,Chubut,"53,72","-43,3002","-65,1023","51,46","52,49"
2018,2,Chubut,"54,90","-43,3002","-65,1023","53,72","54,79"
2018,3,Chubut,"56,39","-43,3002","-65,1023","54,90","56,00"
2018,4,Chubut,"42,61","-43,3002","-65,1023","56,39","57,52"
2019,1,Chubut,"43,00","-43,3002","-65,1023","42,61","43,46"
2019,2,Chubut,"46,99","-43,3002","-65,1023","43,00","43,86"
2019,3,Chubut,"47,57","-43,3002","-65,1023","46,99","47,93"
2019,4,Chubut,"51,15","-43,3002","-65,1023","47,57","48,52"
2020,1,Chubut,"51,27","-43,3002","-65,1023","51,15","52,17"
2020,2,Chubut,"57,34","-43,3002","-65,1023","51,27","52,29"
2020,3,Chubut,"68,34","-43,3002","-65,1023","57,34","58,49"
2020,4,Chubut,"68,35","-43,3002","-65,1023","68,34","69,71"
2021,1,Chubut,"68,99","-43,3002","-65,1023","68,35","69,72"
2021,2,Chubut,"72,29","-43,3002","-65,1023","68,99","70,37"
2021,3,Chubut,"80,71","-43,3002","-65,1023","72,29","73,74"
2021,4,Chubut,"82,57","-43,3002","-65,1023","80,71","82,32"
2022,1,Chubut,"88,05","-43,3002","-65,1023","82,57","84,22"
2022,2,Chubut,"83,19","-43,3002","-65,1023","88,05","89,81"
2022,3,Chubut,"84,38","-43,3002","-65,1023","83,19","84,85"
2022,4,Chubut,"85,57","-43,3002","-65,1023","84,38","86,07"
2023,1,Chubut,"85,89","-43,3002","-65,1023","85,57","87,28"
2023,2,Chubut,"82,49","-43,3002","-65,1023","85,89","87,61"
2023,3,Chubut,"84,23","-43,3002","-65,1023","82,49","84,14"
2023,4,Chubut,"84,96","-43,3002","-65,1023","84,23","85,91"
2024,1,Chubut,"84,89","-43,3002","-65,1023","84,96","86,66"
2024,2,Chubut,"86,33","-43,3002","-65,1023","84,89","86,59"
2014,1,Corrientes,"22,32","-27,4806","-58,8341","0,00","0,00"
2014,2,Corrientes,"22,58","-27,4806","-58,8341","22,32","22,76"
2014,3,Corrientes,"22,79","-27,4806","-58,8341","22,58","23,03"
2014,4,Corrientes,"23,56","-27,4806","-58,8341","22,79","23,24"
2015,1,Corrientes,"28,95","-27,4806","-58,8341","23,56","24,03"
2015,2,Corrientes,"29,58","-27,4806","-58,8341","28,95","29,53"
2015,3,Corrientes,"30,17","-27,4806","-58,8341","29,58","30,18"
2015,4,Corrientes,"30,34","-27,4806","-58,8341","30,17","30,77"
2016,1,Corrientes,"30,08","-27,4806","-58,8341","30,34","30,94"
2016,2,Corrientes,"30,58","-27,4806","-58,8341","30,08","30,68"
2016,3,Corrientes,"31,07","-27,4806","-58,8341","30,58","31,19"
2016,4,Corrientes,"30,98","-27,4806","-58,8341","31,07","31,69"
2017,1,Corrientes,"30,94","-27,4806","-58,8341","30,98","31,60"
2017,2,Corrientes,"31,39","-27,4806","-58,8341","30,94","31,56"
2017,3,Corrientes,"32,17","-27,4806","-58,8341","31,39","32,01"
2017,4,Corrientes,"32,52","-27,4806","-58,8341","32,17","32,81"
2018,1,Corrientes,"32,66","-27,4806","-58,8341","32,52","33,17"
2018,2,Corrientes,"33,81","-27,4806","-58,8341","32,66","33,32"
2018,3,Corrientes,"34,25","-27,4806","-58,8341","33,81","34,49"
2018,4,Corrientes,"34,57","-27,4806","-58,8341","34,25","34,93"
2019,1,Corrientes,"35,13","-27,4806","-58,8341","34,57","35,26"
2019,2,Corrientes,"38,16","-27,4806","-58,8341","35,13","35,84"
2019,3,Corrientes,"38,49","-27,4806","-58,8341","38,16","38,92"
2019,4,Corrientes,"38,77","-27,4806","-58,8341","38,49","39,26"
2020,1,Corrientes,"38,73","-27,4806","-58,8341","38,77","39,54"
2020,2,Corrientes,"40,30","-27,4806","-58,8341","38,73","39,50"
2020,3,Corrientes,"41,75","-27,4806","-58,8341","40,30","41,11"
2020,4,Corrientes,"42,43","-27,4806","-58,8341","41,75","42,59"
2021,1,Corrientes,"42,66","-27,4806","-58,8341","42,43","43,28"
2021,2,Corrientes,"43,54","-27,4806","-58,8341","42,66","43,52"
2021,3,Corrientes,"44,90","-27,4806","-58,8341","43,54","44,41"
2021,4,Corrientes,"45,51","-27,4806","-58,8341","44,90","45,80"
2022,1,Corrientes,"47,64","-27,4806","-58,8341","45,51","46,42"
2022,2,Corrientes,"48,35","-27,4806","-58,8341","47,64","48,60"
2022,3,Corrientes,"48,21","-27,4806","-58,8341","48,35","49,32"
2022,4,Corrientes,"51,64","-27,4806","-58,8341","48,21","49,17"
2023,1,Corrientes,"52,05","-27,4806","-58,8341","51,64","52,67"
2023,2,Corrientes,"52,37","-27,4806","-58,8341","52,05","53,09"
2023,3,Corrientes,"52,78","-27,4806","-58,8341","52,37","53,42"
2023,4,Corrientes,"52,56","-27,4806","-58,8341","52,78","53,84"
2024,1,Corrientes,"51,94","-27,4806","-58,8341","52,56","53,61"
2024,2,Corrientes,"51,38","-27,4806","-58,8341","51,94","52,98"
2014,1,Córdoba,"52,52","-31,4201","-64,1888","0,00","0,00"
2014,2,Córdoba,"53,45","-31,4201","-64,1888","52,52","53,57"
2014,3,Córdoba,"54,23","-31,4201","-64,1888","53,45","54,52"
2014,4,Córdoba,"54,70","-31,4201","-64,1888","54,23","55,32"
2015,1,Córdoba,"54,70","-31,4201","-64,1888","54,70","55,79"
2015,2,Córdoba,"55,87","-31,4201","-64,1888","54,70","55,79"
2015,3,Córdoba,"57,08","-31,4201","-64,1888","55,87","56,99"
2015,4,Córdoba,"57,36","-31,4201","-64,1888","57,08","58,23"
2016,1,Córdoba,"55,28","-31,4201","-64,1888","57,36","58,51"
2016,2,Córdoba,"57,55","-31,4201","-64,1888","55,28","56,39"
2016,3,Córdoba,"58,24","-31,4201","-64,1888","57,55","58,70"
2016,4,Córdoba,"57,70","-31,4201","-64,1888","58,24","59,41"
2017,1,Córdoba,"57,65","-31,4201","-64,1888","57,70","58,85"
2017,2,Córdoba,"58,97","-31,4201","-64,1888","57,65","58,81"
2017,3,Córdoba,"62,31","-31,4201","-64,1888","58,97","60,15"
2017,4,Córdoba,"63,33","-31,4201","-64,1888","62,31","63,55"
2018,1,Córdoba,"63,52","-31,4201","-64,1888","63,33","64,60"
2018,2,Córdoba,"63,27","-31,4201","-64,1888","63,52","64,79"
2018,3,Córdoba,"64,24","-31,4201","-64,1888","63,27","64,54"
2018,4,Córdoba,"65,09","-31,4201","-64,1888","64,24","65,53"
2019,1,Córdoba,"65,52","-31,4201","-64,1888","65,09","66,39"
2019,2,Córdoba,"68,07","-31,4201","-64,1888","65,52","66,83"
2019,3,Córdoba,"68,59","-31,4201","-64,1888","68,07","69,43"
2019,4,Córdoba,"70,48","-31,4201","-64,1888","68,59","69,96"
2020,1,Córdoba,"70,69","-31,4201","-64,1888","70,48","71,89"
2020,2,Córdoba,"72,71","-31,4201","-64,1888","70,69","72,10"
2020,3,Córdoba,"75,22","-31,4201","-64,1888","72,71","74,17"
2020,4,Córdoba,"78,08","-31,4201","-64,1888","75,22","76,72"
2021,1,Córdoba,"78,59","-31,4201","-64,1888","78,08","79,64"
2021,2,Córdoba,"80,12","-31,4201","-64,1888","78,59","80,16"
2021,3,Córdoba,"81,28","-31,4201","-64,1888","80,12","81,72"
2021,4,Córdoba,"84,51","-31,4201","-64,1888","81,28","82,91"
2022,1,Córdoba,"85,76","-31,4201","-64,1888","84,51","86,20"
2022,2,Córdoba,"87,48","-31,4201","-64,1888","85,76","87,47"
2022,3,Córdoba,"88,31","-31,4201","-64,1888","87,48","89,23"
2022,4,Córdoba,"89,03","-31,4201","-64,1888","88,31","90,08"
2023,1,Córdoba,"88,84","-31,4201","-64,1888","89,03","90,81"
2023,2,Córdoba,"90,13","-31,4201","-64,1888","88,84","90,62"
2023,3,Córdoba,"90,05","-31,4201","-64,1888","90,13","91,93"
2023,4,Córdoba,"90,67","-31,4201","-64,1888","90,05","91,85"
2024,1,Córdoba,"90,70","-31,4201","-64,1888","90,67","92,48"
2024,2,Córdoba,"90,79","-31,4201","-64,1888","90,70","92,51"
2014,1,Entre Ríos,"34,37","-32,0718","-60,5238","0,00","0,00"
2014,2,Entre Ríos,"34,69","-32,0718","-60,5238","34,37","35,05"
2014,3,Entre Ríos,"34,98","-32,0718","-60,5238","34,69","35,38"
2014,4,Entre Ríos,"36,03","-32,0718","-60,5238","34,98","35,68"
2015,1,Entre Ríos,"42,07","-32,0718","-60,5238","36,03","36,75"
2015,2,Entre Ríos,"42,93","-32,0718","-60,5238","42,07","42,91"
2015,3,Entre Ríos,"43,68","-32,0718","-60,5238","42,93","43,79"
2015,4,Entre Ríos,"44,11","-32,0718","-60,5238","43,68","44,55"
2016,1,Entre Ríos,"43,85","-32,0718","-60,5238","44,11","44,99"
2016,2,Entre Ríos,"44,74","-32,0718","-60,5238","43,85","44,72"
2016,3,Entre Ríos,"45,44","-32,0718","-60,5238","44,74","45,63"
2016,4,Entre Ríos,"45,21","-32,0718","-60,5238","45,44","46,34"
2017,1,Entre Ríos,"44,91","-32,0718","-60,5238","45,21","46,11"
2017,2,Entre Ríos,"45,39","-32,0718","-60,5238","44,91","45,81"
2017,3,Entre Ríos,"45,96","-32,0718","-60,5238","45,39","46,30"
2017,4,Entre Ríos,"47,89","-32,0718","-60,5238","45,96","46,88"
2018,1,Entre Ríos,"48,68","-32,0718","-60,5238","47,89","48,84"
2018,2,Entre Ríos,"49,20","-32,0718","-60,5238","48,68","49,65"
2018,3,Entre Ríos,"50,22","-32,0718","-60,5238","49,20","50,19"
2018,4,Entre Ríos,"54,37","-32,0718","-60,5238","50,22","51,23"
2019,1,Entre Ríos,"56,79","-32,0718","-60,5238","54,37","55,46"
2019,2,Entre Ríos,"57,48","-32,0718","-60,5238","56,79","57,92"
2019,3,Entre Ríos,"57,90","-32,0718","-60,5238","57,48","58,63"
2019,4,Entre Ríos,"57,99","-32,0718","-60,5238","57,90","59,06"
2020,1,Entre Ríos,"56,12","-32,0718","-60,5238","57,99","59,15"
2020,2,Entre Ríos,"56,54","-32,0718","-60,5238","56,12","57,24"
2020,3,Entre Ríos,"58,19","-32,0718","-60,5238","56,54","57,67"
2020,4,Entre Ríos,"59,47","-32,0718","-60,5238","58,19","59,35"
2021,1,Entre Ríos,"60,44","-32,0718","-60,5238","59,47","60,66"
2021,2,Entre Ríos,"61,66","-32,0718","-60,5238","60,44","61,65"
2021,3,Entre Ríos,"62,18","-32,0718","-60,5238","61,66","62,89"
2021,4,Entre Ríos,"63,16","-32,0718","-60,5238","62,18","63,42"
2022,1,Entre Ríos,"63,70","-32,0718","-60,5238","63,16","64,42"
2022,2,Entre Ríos,"63,90","-32,0718","-60,5238","63,70","64,97"
2022,3,Entre Ríos,"63,67","-32,0718","-60,5238","63,90","65,18"
2022,4,Entre Ríos,"64,01","-32,0718","-60,5238","63,67","64,94"
2023,1,Entre Ríos,"64,79","-32,0718","-60,5238","64,01","65,29"
2023,2,Entre Ríos,"64,43","-32,0718","-60,5238","64,79","66,09"
2023,3,Entre Ríos,"68,84","-32,0718","-60,5238","64,43","65,72"
2023,4,Entre Ríos,"69,94","-32,0718","-60,5238","68,84","70,22"
2024,1,Entre Ríos,"69,31","-32,0718","-60,5238","69,94","71,34"
2024,2,Entre Ríos,"68,64","-32,0718","-60,5238","69,31","70,70"
2014,1,Formosa,"17,42","-26,1728","-58,1825","0,00","0,00"
2014,2,Formosa,"17,54","-26,1728","-58,1825","17,42","17,77"
2014,3,Formosa,"17,77","-26,1728","-58,1825","17,54","17,89"
2014,4,Formosa,"17,96","-26,1728","-58,1825","17,77","18,13"
2015,1,Formosa,"18,12","-26,1728","-58,1825","17,96","18,32"
2015,2,Formosa,"18,36","-26,1728","-58,1825","18,12","18,49"
2015,3,Formosa,"18,84","-26,1728","-58,1825","18,36","18,73"
2015,4,Formosa,"19,07","-26,1728","-58,1825","18,84","19,21"
2016,1,Formosa,"19,04","-26,1728","-58,1825","19,07","19,45"
2016,2,Formosa,"19,37","-26,1728","-58,1825","19,04","19,42"
2016,3,Formosa,"18,64","-26,1728","-58,1825","19,37","19,76"
2016,4,Formosa,"19,85","-26,1728","-58,1825","18,64","19,01"
2017,1,Formosa,"19,84","-26,1728","-58,1825","19,85","20,25"
2017,2,Formosa,"19,97","-26,1728","-58,1825","19,84","20,24"
2017,3,Formosa,"21,35","-26,1728","-58,1825","19,97","20,36"
2017,4,Formosa,"21,27","-26,1728","-58,1825","21,35","21,78"
2018,1,Formosa,"21,40","-26,1728","-58,1825","21,27","21,70"
2018,2,Formosa,"29,43","-26,1728","-58,1825","21,40","21,83"
2018,3,Formosa,"29,58","-26,1728","-58,1825","29,43","30,02"
2018,4,Formosa,"29,74","-26,1728","-58,1825","29,58","30,17"
2019,1,Formosa,"29,68","-26,1728","-58,1825","29,74","30,33"
2019,2,Formosa,"30,42","-26,1728","-58,1825","29,68","30,27"
2019,3,Formosa,"30,11","-26,1728","-58,1825","30,42","31,03"
2019,4,Formosa,"30,47","-26,1728","-58,1825","30,11","30,71"
2020,1,Formosa,"30,23","-26,1728","-58,1825","30,47","31,08"
2020,2,Formosa,"31,14","-26,1728","-58,1825","30,23","30,83"
2020,3,Formosa,"31,91","-26,1728","-58,1825","31,14","31,76"
2020,4,Formosa,"32,49","-26,1728","-58,1825","31,91","32,54"
2021,1,Formosa,"32,73","-26,1728","-58,1825","32,49","33,14"
2021,2,Formosa,"33,23","-26,1728","-58,1825","32,73","33,39"
2021,3,Formosa,"33,96","-26,1728","-58,1825","33,23","33,89"
2021,4,Formosa,"34,45","-26,1728","-58,1825","33,96","34,64"
2022,1,Formosa,"34,96","-26,1728","-58,1825","34,45","35,14"
2022,2,Formosa,"43,42","-26,1728","-58,1825","34,96","35,65"
2022,3,Formosa,"43,76","-26,1728","-58,1825","43,42","44,29"
2022,4,Formosa,"39,41","-26,1728","-58,1825","43,76","44,64"
2023,1,Formosa,"38,79","-26,1728","-58,1825","39,41","40,20"
2023,2,Formosa,"38,32","-26,1728","-58,1825","38,79","39,57"
2023,3,Formosa,"38,86","-26,1728","-58,1825","38,32","39,09"
2023,4,Formosa,"39,23","-26,1728","-58,1825","38,86","39,64"
2024,1,Formosa,"39,61","-26,1728","-58,1825","39,23","40,01"
2024,2,Formosa,"39,69","-26,1728","-58,1825","39,61","40,40"
2014,1,Jujuy,"18,42","-24,1945","-65,2971","0,00","0,00"
2014,2,Jujuy,"18,71","-24,1945","-65,2971","18,42","18,78"
2014,3,Jujuy,"18,37","-24,1945","-65,2971","18,71","19,08"
2014,4,Jujuy,"19,60","-24,1945","-65,2971","18,37","18,74"
2015,1,Jujuy,"19,69","-24,1945","-65,2971","19,60","19,99"
2015,2,Jujuy,"20,29","-24,1945","-65,2971","19,69","20,08"
2015,3,Jujuy,"21,27","-24,1945","-65,2971","20,29","20,69"
2015,4,Jujuy,"21,47","-24,1945","-65,2971","21,27","21,70"
2016,1,Jujuy,"21,41","-24,1945","-65,2971","21,47","21,90"
2016,2,Jujuy,"21,89","-24,1945","-65,2971","21,41","21,84"
2016,3,Jujuy,"22,61","-24,1945","-65,2971","21,89","22,33"
2016,4,Jujuy,"22,65","-24,1945","-65,2971","22,61","23,06"
2017,1,Jujuy,"22,76","-24,1945","-65,2971","22,65","23,10"
2017,2,Jujuy,"22,40","-24,1945","-65,2971","22,76","23,21"
2017,3,Jujuy,"22,65","-24,1945","-65,2971","22,40","22,85"
2017,4,Jujuy,"22,74","-24,1945","-65,2971","22,65","23,10"
2018,1,Jujuy,"23,12","-24,1945","-65,2971","22,74","23,20"
2018,2,Jujuy,"23,43","-24,1945","-65,2971","23,12","23,58"
2018,3,Jujuy,"23,26","-24,1945","-65,2971","23,43","23,90"
2018,4,Jujuy,"46,53","-24,1945","-65,2971","23,26","23,73"
2019,1,Jujuy,"46,41","-24,1945","-65,2971","46,53","47,46"
2019,2,Jujuy,"44,51","-24,1945","-65,2971","46,41","47,34"
2019,3,Jujuy,"44,32","-24,1945","-65,2971","44,51","45,40"
2019,4,Jujuy,"45,38","-24,1945","-65,2971","44,32","45,21"
2020,1,Jujuy,"46,67","-24,1945","-65,2971","45,38","46,29"
2020,2,Jujuy,"47,89","-24,1945","-65,2971","46,67","47,60"
2020,3,Jujuy,"54,04","-24,1945","-65,2971","47,89","48,85"
2020,4,Jujuy,"53,46","-24,1945","-65,2971","54,04","55,13"
2021,1,Jujuy,"55,63","-24,1945","-65,2971","53,46","54,53"
2021,2,Jujuy,"56,18","-24,1945","-65,2971","55,63","56,75"
2021,3,Jujuy,"55,69","-24,1945","-65,2971","56,18","57,31"
2021,4,Jujuy,"56,92","-24,1945","-65,2971","55,69","56,80"
2022,1,Jujuy,"58,06","-24,1945","-65,2971","56,92","58,06"
2022,2,Jujuy,"57,32","-24,1945","-65,2971","58,06","59,23"
2022,3,Jujuy,"58,91","-24,1945","-65,2971","57,32","58,47"
2022,4,Jujuy,"58,46","-24,1945","-65,2971","58,91","60,09"
2023,1,Jujuy,"58,20","-24,1945","-65,2971","58,46","59,63"
2023,2,Jujuy,"57,78","-24,1945","-65,2971","58,20","59,36"
2023,3,Jujuy,"57,61","-24,1945","-65,2971","57,78","58,94"
2023,4,Jujuy,"57,78","-24,1945","-65,2971","57,61","58,76"
2024,1,Jujuy,"57,65","-24,1945","-65,2971","57,78","58,94"
2024,2,Jujuy,"58,30","-24,1945","-65,2971","57,65","58,80"
2014,1,La Pampa,"48,43","-37,7429","-64,2856","0,00","0,00"
2014,2,La Pampa,"49,71","-37,7429","-64,2856","48,43","49,39"
2014,3,La Pampa,"55,78","-37,7429","-64,2856","49,71","50,70"
2014,4,La Pampa,"51,27","-37,7429","-64,2856","55,78","56,90"
2015,1,La Pampa,"55,51","-37,7429","-64,2856","51,27","52,30"
2015,2,La Pampa,"56,71","-37,7429","-64,2856","55,51","56,62"
2015,3,La Pampa,"57,96","-37,7429","-64,2856","56,71","57,84"
2015,4,La Pampa,"58,76","-37,7429","-64,2856","57,96","59,12"
2016,1,La Pampa,"57,84","-37,7429","-64,2856","58,76","59,93"
2016,2,La Pampa,"60,44","-37,7429","-64,2856","57,84","59,00"
2016,3,La Pampa,"61,73","-37,7429","-64,2856","60,44","61,65"
2016,4,La Pampa,"63,02","-37,7429","-64,2856","61,73","62,97"
2017,1,La Pampa,"62,67","-37,7429","-64,2856","63,02","64,28"
2017,2,La Pampa,"63,49","-37,7429","-64,2856","62,67","63,92"
2017,3,La Pampa,"69,14","-37,7429","-64,2856","63,49","64,76"
2017,4,La Pampa,"71,05","-37,7429","-64,2856","69,14","70,52"
2018,1,La Pampa,"71,75","-37,7429","-64,2856","71,05","72,47"
2018,2,La Pampa,"71,04","-37,7429","-64,2856","71,75","73,19"
2018,3,La Pampa,"71,75","-37,7429","-64,2856","71,04","72,46"
2018,4,La Pampa,"73,49","-37,7429","-64,2856","71,75","73,19"
2019,1,La Pampa,"76,35","-37,7429","-64,2856","73,49","74,96"
2019,2,La Pampa,"77,08","-37,7429","-64,2856","76,35","77,88"
2019,3,La Pampa,"77,45","-37,7429","-64,2856","77,08","78,62"
2019,4,La Pampa,"76,92","-37,7429","-64,2856","77,45","79,00"
2020,1,La Pampa,"75,77","-37,7429","-64,2856","76,92","78,46"
2020,2,La Pampa,"76,10","-37,7429","-64,2856","75,77","77,28"
2020,3,La Pampa,"79,26","-37,7429","-64,2856","76,10","77,62"
2020,4,La Pampa,"81,77","-37,7429","-64,2856","79,26","80,85"
2021,1,La Pampa,"81,78","-37,7429","-64,2856","81,77","83,40"
2021,2,La Pampa,"82,08","-37,7429","-64,2856","81,78","83,41"
2021,3,La Pampa,"84,28","-37,7429","-64,2856","82,08","83,72"
2021,4,La Pampa,"89,57","-37,7429","-64,2856","84,28","85,97"
2022,1,La Pampa,"91,66","-37,7429","-64,2856","89,57","91,36"
2022,2,La Pampa,"92,98","-37,7429","-64,2856","91,66","93,50"
2022,3,La Pampa,"96,59","-37,7429","-64,2856","92,98","94,84"
2022,4,La Pampa,"94,80","-37,7429","-64,2856","96,59","98,52"
2023,1,La Pampa,"96,55","-37,7429","-64,2856","94,80","96,70"
2023,2,La Pampa,"98,35","-37,7429","-64,2856","96,55","98,48"
2023,3,La Pampa,"99,00","-37,7429","-64,2856","98,35","100,32"
2023,4,La Pampa,"99,96","-37,7429","-64,2856","99,00","100,98"
2024,1,La Pampa,"100,49","-37,7429","-64,2856","99,96","101,96"
2024,2,La Pampa,"101,17","-37,7429","-64,2856","100,49","102,50"
2014,1,La Rioja,"16,29","-29,4135","-66,8565","0,00","0,00"
2014,2,La Rioja,"16,50","-29,4135","-66,8565","16,29","16,62"
2014,3,La Rioja,"16,51","-29,4135","-66,8565","16,50","16,83"
2014,4,La Rioja,"17,01","-29,4135","-66,8565","16,51","16,84"
2015,1,La Rioja,"16,70","-29,4135","-66,8565","17,01","17,35"
2015,2,La Rioja,"16,88","-29,4135","-66,8565","16,70","17,04"
2015,3,La Rioja,"17,15","-29,4135","-66,8565","16,88","17,22"
2015,4,La Rioja,"17,32","-29,4135","-66,8565","17,15","17,49"
2016,1,La Rioja,"16,83","-29,4135","-66,8565","17,32","17,66"
2016,2,La Rioja,"16,88","-29,4135","-66,8565","16,83","17,17"
2016,3,La Rioja,"17,07","-29,4135","-66,8565","16,88","17,22"
2016,4,La Rioja,"16,46","-29,4135","-66,8565","17,07","17,42"
2017,1,La Rioja,"16,20","-29,4135","-66,8565","16,46","16,78"
2017,2,La Rioja,"16,20","-29,4135","-66,8565","16,20","16,52"
2017,3,La Rioja,"51,47","-29,4135","-66,8565","16,20","16,53"
2017,4,La Rioja,"51,57","-29,4135","-66,8565","51,47","52,49"
2018,1,La Rioja,"51,44","-29,4135","-66,8565","51,57","52,60"
2018,2,La Rioja,"50,98","-29,4135","-66,8565","51,44","52,47"
2018,3,La Rioja,"50,73","-29,4135","-66,8565","50,98","52,00"
2018,4,La Rioja,"50,35","-29,4135","-66,8565","50,73","51,75"
2019,1,La Rioja,"50,18","-29,4135","-66,8565","50,35","51,35"
2019,2,La Rioja,"48,70","-29,4135","-66,8565","50,18","51,19"
2019,3,La Rioja,"47,94","-29,4135","-66,8565","48,70","49,68"
2019,4,La Rioja,"47,14","-29,4135","-66,8565","47,94","48,90"
2020,1,La Rioja,"46,35","-29,4135","-66,8565","47,14","48,08"
2020,2,La Rioja,"49,84","-29,4135","-66,8565","46,35","47,27"
2020,3,La Rioja,"50,12","-29,4135","-66,8565","49,84","50,84"
2020,4,La Rioja,"50,11","-29,4135","-66,8565","50,12","51,12"
2021,1,La Rioja,"49,81","-29,4135","-66,8565","50,11","51,11"
2021,2,La Rioja,"76,98","-29,4135","-66,8565","49,81","50,80"
2021,3,La Rioja,"77,26","-29,4135","-66,8565","76,98","78,52"
2021,4,La Rioja,"77,92","-29,4135","-66,8565","77,26","78,81"
2022,1,La Rioja,"78,77","-29,4135","-66,8565","77,92","79,48"
2022,2,La Rioja,"80,14","-29,4135","-66,8565","78,77","80,35"
2022,3,La Rioja,"80,66","-29,4135","-66,8565","80,14","81,74"
2022,4,La Rioja,"79,86","-29,4135","-66,8565","80,66","82,27"
2023,1,La Rioja,"79,74","-29,4135","-66,8565","79,86","81,46"
2023,2,La Rioja,"80,01","-29,4135","-66,8565","79,74","81,33"
2023,3,La Rioja,"80,44","-29,4135","-66,8565","80,01","81,61"
2023,4,La Rioja,"80,22","-29,4135","-66,8565","80,44","82,05"
2024,1,La Rioja,"80,03","-29,4135","-66,8565","80,22","81,82"
2024,2,La Rioja,"79,52","-29,4135","-66,8565","80,03","81,63"
2014,1,Mendoza,"31,91","-34,5890","-68,3480","0,00","0,00"
2014,2,Mendoza,"32,10","-34,5890","-68,3480","31,91","32,55"
2014,3,Mendoza,"32,31","-34,5890","-68,3480","32,10","32,74"
2014,4,Mendoza,"32,64","-34,5890","-68,3480","32,31","32,96"
2015,1,Mendoza,"32,37","-34,5890","-68,3480","32,64","33,29"
2015,2,Mendoza,"32,49","-34,5890","-68,3480","32,37","33,01"
2015,3,Mendoza,"32,49","-34,5890","-68,3480","32,49","33,14"
2015,4,Mendoza,"32,49","-34,5890","-68,3480","32,49","33,14"
2016,1,Mendoza,"32,12","-34,5890","-68,3480","32,49","33,14"
2016,2,Mendoza,"32,13","-34,5890","-68,3480","32,12","32,77"
2016,3,Mendoza,"32,09","-34,5890","-68,3480","32,13","32,77"
2016,4,Mendoza,"32,11","-34,5890","-68,3480","32,09","32,73"
2017,1,Mendoza,"31,84","-34,5890","-68,3480","32,11","32,75"
2017,2,Mendoza,"31,76","-34,5890","-68,3480","31,84","32,48"
2017,3,Mendoza,"35,70","-34,5890","-68,3480","31,76","32,39"
2017,4,Mendoza,"33,33","-34,5890","-68,3480","35,70","36,42"
2018,1,Mendoza,"37,07","-34,5890","-68,3480","33,33","33,99"
2018,2,Mendoza,"36,97","-34,5890","-68,3480","37,07","37,81"
2018,3,Mendoza,"37,99","-34,5890","-68,3480","36,97","37,71"
2018,4,Mendoza,"37,76","-34,5890","-68,3480","37,99","38,75"
2019,1,Mendoza,"37,66","-34,5890","-68,3480","37,76","38,51"
2019,2,Mendoza,"40,75","-34,5890","-68,3480","37,66","38,41"
2019,3,Mendoza,"40,74","-34,5890","-68,3480","40,75","41,57"
2019,4,Mendoza,"33,65","-34,5890","-68,3480","40,74","41,55"
2020,1,Mendoza,"33,14","-34,5890","-68,3480","33,65","34,32"
2020,2,Mendoza,"36,25","-34,5890","-68,3480","33,14","33,80"
2020,3,Mendoza,"37,35","-34,5890","-68,3480","36,25","36,98"
2020,4,Mendoza,"38,63","-34,5890","-68,3480","37,35","38,10"
2021,1,Mendoza,"39,15","-34,5890","-68,3480","38,63","39,40"
2021,2,Mendoza,"40,97","-34,5890","-68,3480","39,15","39,94"
2021,3,Mendoza,"45,55","-34,5890","-68,3480","40,97","41,79"
2021,4,Mendoza,"47,51","-34,5890","-68,3480","45,55","46,46"
2022,1,Mendoza,"48,74","-34,5890","-68,3480","47,51","48,46"
2022,2,Mendoza,"49,39","-34,5890","-68,3480","48,74","49,71"
2022,3,Mendoza,"51,03","-34,5890","-68,3480","49,39","50,38"
2022,4,Mendoza,"51,36","-34,5890","-68,3480","51,03","52,05"
2023,1,Mendoza,"51,40","-34,5890","-68,3480","51,36","52,39"
2023,2,Mendoza,"52,09","-34,5890","-68,3480","51,40","52,43"
2023,3,Mendoza,"52,03","-34,5890","-68,3480","52,09","53,13"
2023,4,Mendoza,"52,15","-34,5890","-68,3480","52,03","53,07"
2024,1,Mendoza,"52,59","-34,5890","-68,3480","52,15","53,19"
2024,2,Mendoza,"52,30","-34,5890","-68,3480","52,59","53,64"
2014,1,Misiones,"23,14","-27,3644","-55,9000","0,00","0,00"
2014,2,Misiones,"23,37","-27,3644","-55,9000","23,14","23,60"
2014,3,Misiones,"23,57","-27,3644","-55,9000","23,37","23,84"
2014,4,Misiones,"24,16","-27,3644","-55,9000","23,57","24,04"
2015,1,Misiones,"26,31","-27,3644","-55,9000","24,16","24,65"
2015,2,Misiones,"27,35","-27,3644","-55,9000","26,31","26,83"
2015,3,Misiones,"28,31","-27,3644","-55,9000","27,35","27,89"
2015,4,Misiones,"28,69","-27,3644","-55,9000","28,31","28,87"
2016,1,Misiones,"28,37","-27,3644","-55,9000","28,69","29,26"
2016,2,Misiones,"29,24","-27,3644","-55,9000","28,37","28,94"
2016,3,Misiones,"29,91","-27,3644","-55,9000","29,24","29,82"
2016,4,Misiones,"29,72","-27,3644","-55,9000","29,91","30,50"
2017,1,Misiones,"29,52","-27,3644","-55,9000","29,72","30,31"
2017,2,Misiones,"30,09","-27,3644","-55,9000","29,52","30,11"
2017,3,Misiones,"30,21","-27,3644","-55,9000","30,09","30,69"
2017,4,Misiones,"31,14","-27,3644","-55,9000","30,21","30,81"
2018,1,Misiones,"30,96","-27,3644","-55,9000","31,14","31,77"
2018,2,Misiones,"31,63","-27,3644","-55,9000","30,96","31,58"
2018,3,Misiones,"32,10","-27,3644","-55,9000","31,63","32,26"
2018,4,Misiones,"34,45","-27,3644","-55,9000","32,10","32,75"
2019,1,Misiones,"36,26","-27,3644","-55,9000","34,45","35,14"
2019,2,Misiones,"39,15","-27,3644","-55,9000","36,26","36,98"
2019,3,Misiones,"39,33","-27,3644","-55,9000","39,15","39,93"
2019,4,Misiones,"39,79","-27,3644","-55,9000","39,33","40,12"
2020,1,Misiones,"39,02","-27,3644","-55,9000","39,79","40,59"
2020,2,Misiones,"40,89","-27,3644","-55,9000","39,02","39,80"
2020,3,Misiones,"41,60","-27,3644","-55,9000","40,89","41,71"
2020,4,Misiones,"42,64","-27,3644","-55,9000","41,60","42,44"
2021,1,Misiones,"43,17","-27,3644","-55,9000","42,64","43,50"
2021,2,Misiones,"45,01","-27,3644","-55,9000","43,17","44,04"
2021,3,Misiones,"45,57","-27,3644","-55,9000","45,01","45,91"
2021,4,Misiones,"49,06","-27,3644","-55,9000","45,57","46,48"
2022,1,Misiones,"49,04","-27,3644","-55,9000","49,06","50,05"
2022,2,Misiones,"51,00","-27,3644","-55,9000","49,04","50,02"
2022,3,Misiones,"51,82","-27,3644","-55,9000","51,00","52,02"
2022,4,Misiones,"52,85","-27,3644","-55,9000","51,82","52,86"
2023,1,Misiones,"53,97","-27,3644","-55,9000","52,85","53,91"
2023,2,Misiones,"55,18","-27,3644","-55,9000","53,97","55,05"
2023,3,Misiones,"55,51","-27,3644","-55,9000","55,18","56,28"
2023,4,Misiones,"56,27","-27,3644","-55,9000","55,51","56,62"
2024,1,Misiones,"56,76","-27,3644","-55,9000","56,27","57,40"
2024,2,Misiones,"57,73","-27,3644","-55,9000","56,76","57,90"
2014,1,Neuquén,"49,79","-38,9516","-68,0591","0,00","0,00"
2014,2,Neuquén,"50,84","-38,9516","-68,0591","49,79","50,79"
2014,3,Neuquén,"56,40","-38,9516","-68,0591","50,84","51,86"
2014,4,Neuquén,"52,55","-38,9516","-68,0591","56,40","57,52"
2015,1,Neuquén,"51,95","-38,9516","-68,0591","52,55","53,61"
2015,2,Neuquén,"53,12","-38,9516","-68,0591","51,95","52,99"
2015,3,Neuquén,"54,60","-38,9516","-68,0591","53,12","54,18"
2015,4,Neuquén,"58,29","-38,9516","-68,0591","54,60","55,69"
2016,1,Neuquén,"55,75","-38,9516","-68,0591","58,29","59,46"
2016,2,Neuquén,"59,10","-38,9516","-68,0591","55,75","56,87"
2016,3,Neuquén,"60,21","-38,9516","-68,0591","59,10","60,28"
2016,4,Neuquén,"60,87","-38,9516","-68,0591","60,21","61,42"
2017,1,Neuquén,"61,02","-38,9516","-68,0591","60,87","62,09"
2017,2,Neuquén,"61,91","-38,9516","-68,0591","61,02","62,24"
2017,3,Neuquén,"60,83","-38,9516","-68,0591","61,91","63,15"
2017,4,Neuquén,"61,24","-38,9516","-68,0591","60,83","62,05"
2018,1,Neuquén,"61,52","-38,9516","-68,0591","61,24","62,47"
2018,2,Neuquén,"60,24","-38,9516","-68,0591","61,52","62,75"
2018,3,Neuquén,"60,49","-38,9516","-68,0591","60,24","61,44"
2018,4,Neuquén,"59,07","-38,9516","-68,0591","60,49","61,70"
2019,1,Neuquén,"58,88","-38,9516","-68,0591","59,07","60,25"
2019,2,Neuquén,"63,08","-38,9516","-68,0591","58,88","60,06"
2019,3,Neuquén,"64,14","-38,9516","-68,0591","63,08","64,34"
2019,4,Neuquén,"59,36","-38,9516","-68,0591","64,14","65,42"
2020,1,Neuquén,"61,85","-38,9516","-68,0591","59,36","60,54"
2020,2,Neuquén,"63,90","-38,9516","-68,0591","61,85","63,08"
2020,3,Neuquén,"65,24","-38,9516","-68,0591","63,90","65,18"
2020,4,Neuquén,"67,00","-38,9516","-68,0591","65,24","66,55"
2021,1,Neuquén,"66,84","-38,9516","-68,0591","67,00","68,34"
2021,2,Neuquén,"69,14","-38,9516","-68,0591","66,84","68,18"
2021,3,Neuquén,"69,71","-38,9516","-68,0591","69,14","70,52"
2021,4,Neuquén,"73,30","-38,9516","-68,0591","69,71","71,10"
2022,1,Neuquén,"74,17","-38,9516","-68,0591","73,30","74,77"
2022,2,Neuquén,"80,02","-38,9516","-68,0591","74,17","75,66"
2022,3,Neuquén,"80,37","-38,9516","-68,0591","80,02","81,62"
2022,4,Neuquén,"78,67","-38,9516","-68,0591","80,37","81,98"
2023,1,Neuquén,"78,55","-38,9516","-68,0591","78,67","80,24"
2023,2,Neuquén,"78,97","-38,9516","-68,0591","78,55","80,12"
2023,3,Neuquén,"79,97","-38,9516","-68,0591","78,97","80,55"
2023,4,Neuquén,"79,91","-38,9516","-68,0591","79,97","81,57"
2024,1,Neuquén,"79,50","-38,9516","-68,0591","79,91","81,51"
2024,2,Neuquén,"78,93","-38,9516","-68,0591","79,50","81,09"
2014,1,Río Negro,"44,91","-40,8135","-67,9665","0,00","0,00"
2014,2,Río Negro,"45,33","-40,8135","-67,9665","44,91","45,81"
2014,3,Río Negro,"46,20","-40,8135","-67,9665","45,33","46,24"
2014,4,Río Negro,"45,48","-40,8135","-67,9665","46,20","47,12"
2015,1,Río Negro,"45,33","-40,8135","-67,9665","45,48","46,39"
2015,2,Río Negro,"45,98","-40,8135","-67,9665","45,33","46,23"
2015,3,Río Negro,"46,39","-40,8135","-67,9665","45,98","46,90"
2015,4,Río Negro,"46,44","-40,8135","-67,9665","46,39","47,32"
2016,1,Río Negro,"45,84","-40,8135","-67,9665","46,44","47,37"
2016,2,Río Negro,"46,24","-40,8135","-67,9665","45,84","46,75"
2016,3,Río Negro,"46,39","-40,8135","-67,9665","46,24","47,16"
2016,4,Río Negro,"46,39","-40,8135","-67,9665","46,39","47,32"
2017,1,Río Negro,"46,03","-40,8135","-67,9665","46,39","47,31"
2017,2,Río Negro,"46,02","-40,8135","-67,9665","46,03","46,95"
2017,3,Río Negro,"48,52","-40,8135","-67,9665","46,02","46,94"
2017,4,Río Negro,"49,38","-40,8135","-67,9665","48,52","49,49"
2018,1,Río Negro,"49,82","-40,8135","-67,9665","49,38","50,36"
2018,2,Río Negro,"50,15","-40,8135","-67,9665","49,82","50,81"
2018,3,Río Negro,"50,54","-40,8135","-67,9665","50,15","51,15"
2018,4,Río Negro,"51,86","-40,8135","-67,9665","50,54","51,55"
2019,1,Río Negro,"53,57","-40,8135","-67,9665","51,86","52,90"
2019,2,Río Negro,"61,09","-40,8135","-67,9665","53,57","54,64"
2019,3,Río Negro,"63,42","-40,8135","-67,9665","61,09","62,32"
2019,4,Río Negro,"55,71","-40,8135","-67,9665","63,42","64,69"
2020,1,Río Negro,"55,12","-40,8135","-67,9665","55,71","56,82"
2020,2,Río Negro,"56,37","-40,8135","-67,9665","55,12","56,22"
2020,3,Río Negro,"57,05","-40,8135","-67,9665","56,37","57,50"
2020,4,Río Negro,"61,09","-40,8135","-67,9665","57,05","58,19"
2021,1,Río Negro,"60,88","-40,8135","-67,9665","61,09","62,31"
2021,2,Río Negro,"61,94","-40,8135","-67,9665","60,88","62,10"
2021,3,Río Negro,"61,97","-40,8135","-67,9665","61,94","63,18"
2021,4,Río Negro,"65,69","-40,8135","-67,9665","61,97","63,21"
2022,1,Río Negro,"67,04","-40,8135","-67,9665","65,69","67,01"
2022,2,Río Negro,"67,85","-40,8135","-67,9665","67,04","68,38"
2022,3,Río Negro,"67,98","-40,8135","-67,9665","67,85","69,21"
2022,4,Río Negro,"68,42","-40,8135","-67,9665","67,98","69,34"
2023,1,Río Negro,"69,16","-40,8135","-67,9665","68,42","69,79"
2023,2,Río Negro,"68,56","-40,8135","-67,9665","69,16","70,54"
2023,3,Río Negro,"68,40","-40,8135","-67,9665","68,56","69,93"
2023,4,Río Negro,"70,26","-40,8135","-67,9665","68,40","69,77"
2024,1,Río Negro,"71,14","-40,8135","-67,9665","70,26","71,67"
2024,2,Río Negro,"71,35","-40,8135","-67,9665","71,14","72,56"
2014,2,Salta,"28,91","-24,7821","-65,4232","0,00","0,00"
2014,3,Salta,"29,22","-24,7821","-65,4232","28,91","29,49"
2014,4,Salta,"29,53","-24,7821","-65,4232","29,22","29,81"
2015,1,Salta,"30,01","-24,7821","-65,4232","29,53","30,13"
2015,2,Salta,"30,46","-24,7821","-65,4232","30,01","30,61"
2015,3,Salta,"31,18","-24,7821","-65,4232","30,46","31,07"
2015,4,Salta,"31,59","-24,7821","-65,4232","31,18","31,80"
2016,1,Salta,"31,32","-24,7821","-65,4232","31,59","32,23"
2016,2,Salta,"32,08","-24,7821","-65,4232","31,32","31,94"
2016,3,Salta,"32,96","-24,7821","-65,4232","32,08","32,72"
2016,4,Salta,"32,69","-24,7821","-65,4232","32,96","33,61"
2017,1,Salta,"32,58","-24,7821","-65,4232","32,69","33,35"
2017,2,Salta,"32,74","-24,7821","-65,4232","32,58","33,23"
2017,3,Salta,"39,84","-24,7821","-65,4232","32,74","33,39"
2017,4,Salta,"39,80","-24,7821","-65,4232","39,84","40,64"
2018,1,Salta,"39,78","-24,7821","-65,4232","39,80","40,59"
2018,2,Salta,"39,94","-24,7821","-65,4232","39,78","40,57"
2018,3,Salta,"39,43","-24,7821","-65,4232","39,94","40,74"
2018,4,Salta,"39,80","-24,7821","-65,4232","39,43","40,22"
2019,1,Salta,"40,10","-24,7821","-65,4232","39,80","40,60"
2019,2,Salta,"41,89","-24,7821","-65,4232","40,10","40,90"
2019,3,Salta,"44,48","-24,7821","-65,4232","41,89","42,73"
2019,4,Salta,"50,35","-24,7821","-65,4232","44,48","45,37"
2020,1,Salta,"49,60","-24,7821","-65,4232","50,35","51,36"
2020,2,Salta,"51,58","-24,7821","-65,4232","49,60","50,59"
2020,3,Salta,"52,32","-24,7821","-65,4232","51,58","52,61"
2020,4,Salta,"54,04","-24,7821","-65,4232","52,32","53,36"
2021,1,Salta,"53,93","-24,7821","-65,4232","54,04","55,12"
2021,2,Salta,"54,93","-24,7821","-65,4232","53,93","55,01"
2021,3,Salta,"55,96","-24,7821","-65,4232","54,93","56,03"
2021,4,Salta,"56,81","-24,7821","-65,4232","55,96","57,08"
2022,1,Salta,"56,11","-24,7821","-65,4232","56,81","57,95"
2022,2,Salta,"57,54","-24,7821","-65,4232","56,11","57,23"
2022,3,Salta,"57,76","-24,7821","-65,4232","57,54","58,69"
2022,4,Salta,"57,96","-24,7821","-65,4232","57,76","58,92"
2023,1,Salta,"57,67","-24,7821","-65,4232","57,96","59,12"
2023,2,Salta,"57,48","-24,7821","-65,4232","57,67","58,82"
2023,3,Salta,"57,57","-24,7821","-65,4232","57,48","58,63"
2023,4,Salta,"56,98","-24,7821","-65,4232","57,57","58,72"
2024,1,Salta,"56,30","-24,7821","-65,4232","56,98","58,12"
2024,2,Salta,"55,72","-24,7821","-65,4232","56,30","57,43"
2014,2,San Juan,"27,78","-31,5275","-68,5386","0,00","0,00"
2014,3,San Juan,"27,85","-31,5275","-68,5386","27,78","28,34"
2014,4,San Juan,"28,04","-31,5275","-68,5386","27,85","28,41"
2015,1,San Juan,"27,55","-31,5275","-68,5386","28,04","28,60"
2015,2,San Juan,"27,64","-31,5275","-68,5386","27,55","28,10"
2015,3,San Juan,"27,67","-31,5275","-68,5386","27,64","28,20"
2015,4,San Juan,"27,66","-31,5275","-68,5386","27,67","28,22"
2016,1,San Juan,"27,33","-31,5275","-68,5386","27,66","28,22"
2016,2,San Juan,"27,34","-31,5275","-68,5386","27,33","27,88"
2016,3,San Juan,"27,32","-31,5275","-68,5386","27,34","27,89"
2016,4,San Juan,"27,29","-31,5275","-68,5386","27,32","27,86"
2017,1,San Juan,"27,04","-31,5275","-68,5386","27,29","27,84"
2017,2,San Juan,"26,96","-31,5275","-68,5386","27,04","27,58"
2017,3,San Juan,"32,37","-31,5275","-68,5386","26,96","27,50"
2017,4,San Juan,"30,30","-31,5275","-68,5386","32,37","33,01"
2018,1,San Juan,"32,61","-31,5275","-68,5386","30,30","30,91"
2018,2,San Juan,"32,95","-31,5275","-68,5386","32,61","33,26"
2018,3,San Juan,"33,05","-31,5275","-68,5386","32,95","33,61"
2018,4,San Juan,"31,90","-31,5275","-68,5386","33,05","33,71"
2019,1,San Juan,"31,83","-31,5275","-68,5386","31,90","32,53"
2019,2,San Juan,"35,60","-31,5275","-68,5386","31,83","32,47"
2019,3,San Juan,"37,06","-31,5275","-68,5386","35,60","36,31"
2019,4,San Juan,"32,85","-31,5275","-68,5386","37,06","37,80"
2020,1,San Juan,"32,39","-31,5275","-68,5386","32,85","33,51"
2020,2,San Juan,"35,09","-31,5275","-68,5386","32,39","33,04"
2020,3,San Juan,"38,79","-31,5275","-68,5386","35,09","35,80"
2020,4,San Juan,"36,32","-31,5275","-68,5386","38,79","39,57"
2021,1,San Juan,"39,06","-31,5275","-68,5386","36,32","37,05"
2021,2,San Juan,"39,28","-31,5275","-68,5386","39,06","39,84"
2021,3,San Juan,"39,46","-31,5275","-68,5386","39,28","40,07"
2021,4,San Juan,"39,59","-31,5275","-68,5386","39,46","40,24"
2022,1,San Juan,"43,55","-31,5275","-68,5386","39,59","40,38"
2022,2,San Juan,"49,46","-31,5275","-68,5386","43,55","44,42"
2022,3,San Juan,"50,80","-31,5275","-68,5386","49,46","50,45"
2022,4,San Juan,"50,88","-31,5275","-68,5386","50,80","51,82"
2023,1,San Juan,"49,75","-31,5275","-68,5386","50,88","51,90"
2023,2,San Juan,"47,52","-31,5275","-68,5386","49,75","50,74"
2023,3,San Juan,"50,45","-31,5275","-68,5386","47,52","48,47"
2023,4,San Juan,"50,08","-31,5275","-68,5386","50,45","51,46"
2024,1,San Juan,"51,62","-31,5275","-68,5386","50,08","51,08"
2024,2,San Juan,"51,17","-31,5275","-68,5386","51,62","52,65"
2014,2,San Luis,"9,72","-33,3018","-66,3378","0,00","0,00"
2014,3,San Luis,"9,71","-33,3018","-66,3378","9,72","9,91"
2014,4,San Luis,"9,79","-33,3018","-66,3378","9,71","9,91"
2015,1,San Luis,"9,72","-33,3018","-66,3378","9,79","9,98"
2015,2,San Luis,"9,71","-33,3018","-66,3378","9,72","9,91"
2015,3,San Luis,"9,71","-33,3018","-66,3378","9,71","9,90"
2015,4,San Luis,"9,71","-33,3018","-66,3378","9,71","9,90"
2016,1,San Luis,"9,59","-33,3018","-66,3378","9,71","9,90"
2016,2,San Luis,"9,60","-33,3018","-66,3378","9,59","9,78"
2016,3,San Luis,"9,63","-33,3018","-66,3378","9,60","9,80"
2016,4,San Luis,"9,64","-33,3018","-66,3378","9,63","9,82"
2017,1,San Luis,"9,55","-33,3018","-66,3378","9,64","9,83"
2017,2,San Luis,"9,51","-33,3018","-66,3378","9,55","9,74"
2017,3,San Luis,"15,48","-33,3018","-66,3378","9,51","9,70"
2017,4,San Luis,"10,59","-33,3018","-66,3378","15,48","15,79"
2018,1,San Luis,"15,15","-33,3018","-66,3378","10,59","10,80"
2018,2,San Luis,"15,15","-33,3018","-66,3378","15,15","15,45"
2018,3,San Luis,"52,35","-33,3018","-66,3378","15,15","15,45"
2018,4,San Luis,"67,55","-33,3018","-66,3378","52,35","53,40"
2019,1,San Luis,"67,34","-33,3018","-66,3378","67,55","68,90"
2019,2,San Luis,"81,79","-33,3018","-66,3378","67,34","68,68"
2019,3,San Luis,"85,23","-33,3018","-66,3378","81,79","83,43"
2019,4,San Luis,"74,92","-33,3018","-66,3378","85,23","86,93"
2020,1,San Luis,"76,31","-33,3018","-66,3378","74,92","76,42"
2020,2,San Luis,"78,41","-33,3018","-66,3378","76,31","77,83"
2020,3,San Luis,"79,96","-33,3018","-66,3378","78,41","79,98"
2020,4,San Luis,"81,68","-33,3018","-66,3378","79,96","81,56"
2021,1,San Luis,"81,24","-33,3018","-66,3378","81,68","83,31"
2021,2,San Luis,"83,48","-33,3018","-66,3378","81,24","82,86"
2021,3,San Luis,"79,87","-33,3018","-66,3378","83,48","85,15"
2021,4,San Luis,"80,30","-33,3018","-66,3378","79,87","81,47"
2022,1,San Luis,"80,72","-33,3018","-66,3378","80,30","81,90"
2022,2,San Luis,"81,76","-33,3018","-66,3378","80,72","82,34"
2022,3,San Luis,"81,74","-33,3018","-66,3378","81,76","83,40"
2022,4,San Luis,"90,27","-33,3018","-66,3378","81,74","83,37"
2023,1,San Luis,"90,17","-33,3018","-66,3378","90,27","92,08"
2023,2,San Luis,"93,41","-33,3018","-66,3378","90,17","91,97"
2023,3,San Luis,"98,55","-33,3018","-66,3378","93,41","95,28"
2023,4,San Luis,"102,07","-33,3018","-66,3378","98,55","100,52"
2024,1,San Luis,"102,70","-33,3018","-66,3378","102,07","104,11"
2024,2,San Luis,"103,40","-33,3018","-66,3378","102,70","104,75"
2014,2,Santa Cruz,"29,38","-48,7834","-69,9335","0,00","0,00"
2014,3,Santa Cruz,"28,23","-48,7834","-69,9335","29,38","29,96"
2014,4,Santa Cruz,"27,80","-48,7834","-69,9335","28,23","28,80"
2015,1,Santa Cruz,"27,99","-48,7834","-69,9335","27,80","28,36"
2015,2,Santa Cruz,"27,07","-48,7834","-69,9335","27,99","28,55"
2015,3,Santa Cruz,"27,61","-48,7834","-69,9335","27,07","27,61"
2015,4,Santa Cruz,"27,74","-48,7834","-69,9335","27,61","28,16"
2016,1,Santa Cruz,"26,87","-48,7834","-69,9335","27,74","28,30"
2016,2,Santa Cruz,"26,73","-48,7834","-69,9335","26,87","27,40"
2016,3,Santa Cruz,"26,84","-48,7834","-69,9335","26,73","27,26"
2016,4,Santa Cruz,"27,05","-48,7834","-69,9335","26,84","27,37"
2017,1,Santa Cruz,"26,52","-48,7834","-69,9335","27,05","27,59"
2017,2,Santa Cruz,"26,25","-48,7834","-69,9335","26,52","27,06"
2017,3,Santa Cruz,"33,29","-48,7834","-69,9335","26,25","26,77"
2017,4,Santa Cruz,"28,91","-48,7834","-69,9335","33,29","33,96"
2018,1,Santa Cruz,"33,55","-48,7834","-69,9335","28,91","29,49"
2018,2,Santa Cruz,"33,33","-48,7834","-69,9335","33,55","34,22"
2018,3,Santa Cruz,"32,73","-48,7834","-69,9335","33,33","34,00"
2018,4,Santa Cruz,"23,69","-48,7834","-69,9335","32,73","33,38"
2019,1,Santa Cruz,"23,67","-48,7834","-69,9335","23,69","24,16"
2019,2,Santa Cruz,"28,85","-48,7834","-69,9335","23,67","24,14"
2019,3,Santa Cruz,"35,63","-48,7834","-69,9335","28,85","29,42"
2019,4,Santa Cruz,"36,71","-48,7834","-69,9335","35,63","36,34"
2020,1,Santa Cruz,"35,97","-48,7834","-69,9335","36,71","37,45"
2020,2,Santa Cruz,"35,79","-48,7834","-69,9335","35,97","36,69"
2020,3,Santa Cruz,"35,95","-48,7834","-69,9335","35,79","36,51"
2020,4,Santa Cruz,"37,00","-48,7834","-69,9335","35,95","36,67"
2021,1,Santa Cruz,"41,65","-48,7834","-69,9335","37,00","37,74"
2021,2,Santa Cruz,"44,01","-48,7834","-69,9335","41,65","42,48"
2021,3,Santa Cruz,"43,75","-48,7834","-69,9335","44,01","44,90"
2021,4,Santa Cruz,"43,05","-48,7834","-69,9335","43,75","44,62"
2022,1,Santa Cruz,"43,34","-48,7834","-69,9335","43,05","43,91"
2022,2,Santa Cruz,"43,15","-48,7834","-69,9335","43,34","44,21"
2022,3,Santa Cruz,"43,19","-48,7834","-69,9335","43,15","44,01"
2022,4,Santa Cruz,"43,53","-48,7834","-69,9335","43,19","44,05"
2023,1,Santa Cruz,"43,42","-48,7834","-69,9335","43,53","44,40"
2023,2,Santa Cruz,"41,66","-48,7834","-69,9335","43,42","44,29"
2023,3,Santa Cruz,"40,89","-48,7834","-69,9335","41,66","42,49"
2023,4,Santa Cruz,"73,75","-48,7834","-69,9335","40,89","41,71"
2024,1,Santa Cruz,"67,58","-48,7834","-69,9335","73,75","75,22"
2024,2,Santa Cruz,"69,92","-48,7834","-69,9335","67,58","68,93"
2014,2,Santa Fe,"48,39","-31,6333","-60,7000","0,00","0,00"
2014,3,Santa Fe,"49,20","-31,6333","-60,7000","48,39","49,36"
2014,4,Santa Fe,"50,00","-31,6333","-60,7000","49,20","50,18"
2015,1,Santa Fe,"50,24","-31,6333","-60,7000","50,00","51,00"
2015,2,Santa Fe,"51,18","-31,6333","-60,7000","50,24","51,25"
2015,3,Santa Fe,"52,15","-31,6333","-60,7000","51,18","52,20"
2015,4,Santa Fe,"52,61","-31,6333","-60,7000","52,15","53,19"
2016,1,Santa Fe,"51,28","-31,6333","-60,7000","52,61","53,66"
2016,2,Santa Fe,"52,44","-31,6333","-60,7000","51,28","52,30"
2016,3,Santa Fe,"52,67","-31,6333","-60,7000","52,44","53,49"
2016,4,Santa Fe,"52,19","-31,6333","-60,7000","52,67","53,73"
2017,1,Santa Fe,"51,97","-31,6333","-60,7000","52,19","53,23"
2017,2,Santa Fe,"52,27","-31,6333","-60,7000","51,97","53,01"
2017,3,Santa Fe,"60,91","-31,6333","-60,7000","52,27","53,32"
2017,4,Santa Fe,"61,71","-31,6333","-60,7000","60,91","62,12"
2018,1,Santa Fe,"62,28","-31,6333","-60,7000","61,71","62,95"
2018,2,Santa Fe,"62,57","-31,6333","-60,7000","62,28","63,53"
2018,3,Santa Fe,"63,41","-31,6333","-60,7000","62,57","63,82"
2018,4,Santa Fe,"65,59","-31,6333","-60,7000","63,41","64,68"
2019,1,Santa Fe,"66,97","-31,6333","-60,7000","65,59","66,90"
2019,2,Santa Fe,"67,42","-31,6333","-60,7000","66,97","68,31"
2019,3,Santa Fe,"68,87","-31,6333","-60,7000","67,42","68,77"
2019,4,Santa Fe,"69,48","-31,6333","-60,7000","68,87","70,25"
2020,1,Santa Fe,"69,52","-31,6333","-60,7000","69,48","70,87"
2020,2,Santa Fe,"70,00","-31,6333","-60,7000","69,52","70,91"
2020,3,Santa Fe,"72,12","-31,6333","-60,7000","70,00","71,40"
2020,4,Santa Fe,"73,58","-31,6333","-60,7000","72,12","73,56"
2021,1,Santa Fe,"73,92","-31,6333","-60,7000","73,58","75,05"
2021,2,Santa Fe,"75,07","-31,6333","-60,7000","73,92","75,39"
2021,3,Santa Fe,"75,02","-31,6333","-60,7000","75,07","76,57"
2021,4,Santa Fe,"77,09","-31,6333","-60,7000","75,02","76,52"
2022,1,Santa Fe,"77,30","-31,6333","-60,7000","77,09","78,63"
2022,2,Santa Fe,"77,90","-31,6333","-60,7000","77,30","78,85"
2022,3,Santa Fe,"78,55","-31,6333","-60,7000","77,90","79,46"
2022,4,Santa Fe,"78,40","-31,6333","-60,7000","78,55","80,12"
2023,1,Santa Fe,"78,13","-31,6333","-60,7000","78,40","79,97"
2023,2,Santa Fe,"78,83","-31,6333","-60,7000","78,13","79,69"
2023,3,Santa Fe,"79,09","-31,6333","-60,7000","78,83","80,41"
2023,4,Santa Fe,"79,75","-31,6333","-60,7000","79,09","80,67"
2024,1,Santa Fe,"80,40","-31,6333","-60,7000","79,75","81,34"
2024,2,Santa Fe,"81,34","-31,6333","-60,7000","80,40","82,01"
2014,2,Santiago Del Estero,"16,70","-27,7834","-64,2642","0,00","0,00"
2014,3,Santiago Del Estero,"16,49","-27,7834","-64,2642","16,70","17,03"
2014,4,Santiago Del Estero,"17,27","-27,7834","-64,2642","16,49","16,82"
2015,1,Santiago Del Estero,"17,06","-27,7834","-64,2642","17,27","17,61"
2015,2,Santiago Del Estero,"17,11","-27,7834","-64,2642","17,06","17,40"
2015,3,Santiago Del Estero,"17,12","-27,7834","-64,2642","17,11","17,45"
2015,4,Santiago Del Estero,"17,00","-27,7834","-64,2642","17,12","17,46"
2016,1,Santiago Del Estero,"16,21","-27,7834","-64,2642","17,00","17,35"
2016,2,Santiago Del Estero,"15,89","-27,7834","-64,2642","16,21","16,53"
2016,3,Santiago Del Estero,"15,33","-27,7834","-64,2642","15,89","16,21"
2016,4,Santiago Del Estero,"15,07","-27,7834","-64,2642","15,33","15,64"
2017,1,Santiago Del Estero,"14,70","-27,7834","-64,2642","15,07","15,37"
2017,2,Santiago Del Estero,"14,12","-27,7834","-64,2642","14,70","15,00"
2017,3,Santiago Del Estero,"35,12","-27,7834","-64,2642","14,12","14,40"
2017,4,Santiago Del Estero,"29,13","-27,7834","-64,2642","35,12","35,82"
2018,1,Santiago Del Estero,"34,99","-27,7834","-64,2642","29,13","29,71"
2018,2,Santiago Del Estero,"35,26","-27,7834","-64,2642","34,99","35,69"
2018,3,Santiago Del Estero,"36,25","-27,7834","-64,2642","35,26","35,96"
2018,4,Santiago Del Estero,"37,40","-27,7834","-64,2642","36,25","36,97"
2019,1,Santiago Del Estero,"37,52","-27,7834","-64,2642","37,40","38,15"
2019,2,Santiago Del Estero,"52,79","-27,7834","-64,2642","37,52","38,27"
2019,3,Santiago Del Estero,"55,30","-27,7834","-64,2642","52,79","53,85"
2019,4,Santiago Del Estero,"42,92","-27,7834","-64,2642","55,30","56,41"
2020,1,Santiago Del Estero,"42,47","-27,7834","-64,2642","42,92","43,78"
2020,2,Santiago Del Estero,"43,47","-27,7834","-64,2642","42,47","43,32"
2020,3,Santiago Del Estero,"43,38","-27,7834","-64,2642","43,47","44,34"
2020,4,Santiago Del Estero,"43,75","-27,7834","-64,2642","43,38","44,24"
2021,1,Santiago Del Estero,"45,67","-27,7834","-64,2642","43,75","44,62"
2021,2,Santiago Del Estero,"46,56","-27,7834","-64,2642","45,67","46,59"
2021,3,Santiago Del Estero,"47,00","-27,7834","-64,2642","46,56","47,49"
2021,4,Santiago Del Estero,"47,05","-27,7834","-64,2642","47,00","47,94"
2022,1,Santiago Del Estero,"47,17","-27,7834","-64,2642","47,05","47,99"
2022,2,Santiago Del Estero,"47,70","-27,7834","-64,2642","47,17","48,12"
2022,3,Santiago Del Estero,"47,98","-27,7834","-64,2642","47,70","48,65"
2022,4,Santiago Del Estero,"48,05","-27,7834","-64,2642","47,98","48,94"
2023,1,Santiago Del Estero,"47,55","-27,7834","-64,2642","48,05","49,01"
2023,2,Santiago Del Estero,"47,14","-27,7834","-64,2642","47,55","48,50"
2023,3,Santiago Del Estero,"48,67","-27,7834","-64,2642","47,14","48,08"
2023,4,Santiago Del Estero,"49,08","-27,7834","-64,2642","48,67","49,64"
2024,1,Santiago Del Estero,"49,41","-27,7834","-64,2642","49,08","50,06"
2024,2,Santiago Del Estero,"49,67","-27,7834","-64,2642","49,41","50,40"
2014,2,Tierra Del Fuego,"64,36","-54,8019","-68,3029","0,00","0,00"
2014,3,Tierra Del Fuego,"65,69","-54,8019","-68,3029","64,36","65,64"
2014,4,Tierra Del Fuego,"66,14","-54,8019","-68,3029","65,69","67,00"
2015,1,Tierra Del Fuego,"74,23","-54,8019","-68,3029","66,14","67,46"
2015,2,Tierra Del Fuego,"74,51","-54,8019","-68,3029","74,23","75,72"
2015,3,Tierra Del Fuego,"74,86","-54,8019","-68,3029","74,51","76,00"
2015,4,Tierra Del Fuego,"66,46","-54,8019","-68,3029","74,86","76,36"
2016,1,Tierra Del Fuego,"65,83","-54,8019","-68,3029","66,46","67,79"
2016,2,Tierra Del Fuego,"67,72","-54,8019","-68,3029","65,83","67,15"
2016,3,Tierra Del Fuego,"68,94","-54,8019","-68,3029","67,72","69,07"
2016,4,Tierra Del Fuego,"70,31","-54,8019","-68,3029","68,94","70,32"
2017,1,Tierra Del Fuego,"68,92","-54,8019","-68,3029","70,31","71,71"
2017,2,Tierra Del Fuego,"68,46","-54,8019","-68,3029","68,92","70,30"
2017,3,Tierra Del Fuego,"65,74","-54,8019","-68,3029","68,46","69,83"
2017,4,Tierra Del Fuego,"59,89","-54,8019","-68,3029","65,74","67,06"
2018,1,Tierra Del Fuego,"65,20","-54,8019","-68,3029","59,89","61,09"
2018,2,Tierra Del Fuego,"91,61","-54,8019","-68,3029","65,20","66,50"
2018,3,Tierra Del Fuego,"92,77","-54,8019","-68,3029","91,61","93,44"
2018,4,Tierra Del Fuego,"93,59","-54,8019","-68,3029","92,77","94,63"
2019,1,Tierra Del Fuego,"93,38","-54,8019","-68,3029","93,59","95,46"
2019,2,Tierra Del Fuego,"94,80","-54,8019","-68,3029","93,38","95,24"
2019,3,Tierra Del Fuego,"96,46","-54,8019","-68,3029","94,80","96,69"
2019,4,Tierra Del Fuego,"79,70","-54,8019","-68,3029","96,46","98,39"
2020,1,Tierra Del Fuego,"76,07","-54,8019","-68,3029","79,70","81,29"
2020,2,Tierra Del Fuego,"76,37","-54,8019","-68,3029","76,07","77,59"
2020,3,Tierra Del Fuego,"76,81","-54,8019","-68,3029","76,37","77,90"
2020,4,Tierra Del Fuego,"76,27","-54,8019","-68,3029","76,81","78,35"
2021,1,Tierra Del Fuego,"77,35","-54,8019","-68,3029","76,27","77,79"
2021,2,Tierra Del Fuego,"67,89","-54,8019","-68,3029","77,35","78,90"
2021,3,Tierra Del Fuego,"94,95","-54,8019","-68,3029","67,89","69,24"
2021,4,Tierra Del Fuego,"98,40","-54,8019","-68,3029","94,95","96,85"
2022,1,Tierra Del Fuego,"98,29","-54,8019","-68,3029","98,40","100,37"
2022,2,Tierra Del Fuego,"99,86","-54,8019","-68,3029","98,29","100,26"
2022,3,Tierra Del Fuego,"99,51","-54,8019","-68,3029","99,86","101,86"
2022,4,Tierra Del Fuego,"101,44","-54,8019","-68,3029","99,51","101,50"
2023,1,Tierra Del Fuego,"104,23","-54,8019","-68,3029","101,44","103,47"
2023,2,Tierra Del Fuego,"106,38","-54,8019","-68,3029","104,23","106,31"
2023,3,Tierra Del Fuego,"105,95","-54,8019","-68,3029","106,38","108,51"
2023,4,Tierra Del Fuego,"110,49","-54,8019","-68,3029","105,95","108,07"
2024,1,Tierra Del Fuego,"109,78","-54,8019","-68,3029","110,49","112,70"
2024,2,Tierra Del Fuego,"108,89","-54,8019","-68,3029","109,78","111,98"
2014,2,Tucumán,"33,94","-26,8241","-65,2226","0,00","0,00"
2014,3,Tucumán,"33,94","-26,8241","-65,2226","33,94","34,62"
2014,4,Tucumán,"35,32","-26,8241","-65,2226","33,94","34,62"
2015,1,Tucumán,"35,08","-26,8241","-65,2226","35,32","36,03"
2015,2,Tucumán,"35,69","-26,8241","-65,2226","35,08","35,78"
2015,3,Tucumán,"36,61","-26,8241","-65,2226","35,69","36,40"
2015,4,Tucumán,"37,06","-26,8241","-65,2226","36,61","37,34"
2016,1,Tucumán,"36,72","-26,8241","-65,2226","37,06","37,80"
2016,2,Tucumán,"37,24","-26,8241","-65,2226","36,72","37,46"
2016,3,Tucumán,"37,90","-26,8241","-65,2226","37,24","37,98"
2016,4,Tucumán,"37,98","-26,8241","-65,2226","37,90","38,66"
2017,1,Tucumán,"37,90","-26,8241","-65,2226","37,98","38,74"
2017,2,Tucumán,"38,19","-26,8241","-65,2226","37,90","38,66"
2017,3,Tucumán,"39,70","-26,8241","-65,2226","38,19","38,95"
2017,4,Tucumán,"39,90","-26,8241","-65,2226","39,70","40,49"
2018,1,Tucumán,"41,18","-26,8241","-65,2226","39,90","40,69"
2018,2,Tucumán,"41,51","-26,8241","-65,2226","41,18","42,00"
2018,3,Tucumán,"41,68","-26,8241","-65,2226","41,51","42,34"
2018,4,Tucumán,"41,76","-26,8241","-65,2226","41,68","42,51"
2019,1,Tucumán,"41,63","-26,8241","-65,2226","41,76","42,59"
2019,2,Tucumán,"40,14","-26,8241","-65,2226","41,63","42,46"
2019,3,Tucumán,"39,49","-26,8241","-65,2226","40,14","40,94"
2019,4,Tucumán,"47,65","-26,8241","-65,2226","39,49","40,28"
2020,1,Tucumán,"47,85","-26,8241","-65,2226","47,65","48,60"
2020,2,Tucumán,"51,78","-26,8241","-65,2226","47,85","48,80"
2020,3,Tucumán,"53,23","-26,8241","-65,2226","51,78","52,82"
2020,4,Tucumán,"54,78","-26,8241","-65,2226","53,23","54,29"
2021,1,Tucumán,"54,82","-26,8241","-65,2226","54,78","55,88"
2021,2,Tucumán,"54,93","-26,8241","-65,2226","54,82","55,92"
2021,3,Tucumán,"54,64","-26,8241","-65,2226","54,93","56,03"
2021,4,Tucumán,"55,93","-26,8241","-65,2226","54,64","55,73"
2022,1,Tucumán,"57,39","-26,8241","-65,2226","55,93","57,04"
2022,2,Tucumán,"59,31","-26,8241","-65,2226","57,39","58,54"
2022,3,Tucumán,"61,14","-26,8241","-65,2226","59,31","60,50"
2022,4,Tucumán,"61,04","-26,8241","-65,2226","61,14","62,36"
2023,1,Tucumán,"60,34","-26,8241","-65,2226","61,04","62,26"
2023,2,Tucumán,"60,75","-26,8241","-65,2226","60,34","61,55"
2023,3,Tucumán,"61,26","-26,8241","-65,2226","60,75","61,97"
2023,4,Tucumán,"61,04","-26,8241","-65,2226","61,26","62,49"
2024,1,Tucumán,"60,48","-26,8241","-65,2226","61,04","62,26"
2024,2,Tucumán,"60,84","-26,8241","-65,2226","60,48","61,69"
