Año,Trimestre,Provincia,Accesos/100 hab,Latitud,Longitud,Accesos poblacion trimestre anterior,Accesos poblacion meta
2014,1,Buenos Aires,"16,69","-36,6769","-60,5588","0,00","0,00"
2014,2,Buenos Aires,"16,79","-36,6769","-60,5588","16,69","17,03"
2014,3,Buenos Aires,"17,26","-36,6769","-60,5588","16,79","17,13"
2014,4,Buenos Aires,"17,01","-36,6769","-60,5588","17,26","17,61"
2015,1,Buenos Aires,"17,24","-36,6769","-60,5588","17,01","17,36"
2015,2,Buenos Aires,"17,33","-36,6769","-60,5588","17,24","17,59"
2015,3,Buenos Aires,"17,55","-36,6769","-60,5588","17,33","17,67"
2015,4,Buenos Aires,"17,68","-36,6769","-60,5588","17,55","17,90"
2016,1,Buenos Aires,"17,54","-36,6769","-60,5588","17,68","18,04"
2016,2,Buenos Aires,"18,10","-36,6769","-60,5588","17,54","17,89"
2016,3,Buenos Aires,"18,30","-36,6769","-60,5588","18,10","18,46"
2016,4,Buenos Aires,"18,58","-36,6769","-60,5588","18,30","18,66"
2017,1,Buenos Aires,"18,80","-36,6769","-60,5588","18,58","18,95"
2017,2,Buenos Aires,"18,10","-36,6769","-60,5588","18,80","19,18"
2017,3,Buenos Aires,"17,94","-36,6769","-60,5588","18,10","18,47"
2017,4,Buenos Aires,"18,61","-36,6769","-60,5588","17,94","18,29"
2018,1,Buenos Aires,"20,28","-36,6769","-60,5588","18,61","18,99"
2018,2,Buenos Aires,"20,37","-36,6769","-60,5588","20,28","20,69"
2018,3,Buenos Aires,"20,96","-36,6769","-60,5588","20,37","20,78"
2018,4,Buenos Aires,"21,06","-36,6769","-60,5588","20,96","21,38"
2019,1,Buenos Aires,"21,64","-36,6769","-60,5588","21,06","21,48"
2019,2,Buenos Aires,"22,22","-36,6769","-60,5588","21,64","22,07"
2019,3,Buenos Aires,"22,76","-36,6769","-60,5588","22,22","22,66"
2019,4,Buenos Aires,"21,14","-36,6769","-60,5588","22,76","23,22"
2020,1,Buenos Aires,"21,21","-36,6769","-60,5588","21,14","21,56"
2020,2,Buenos Aires,"21,55","-36,6769","-60,5588","21,21","21,63"
2020,3,Buenos Aires,"22,41","-36,6769","-60,5588","21,55","21,98"
2020,4,Buenos Aires,"22,90","-36,6769","-60,5588","22,41","22,86"
2021,1,Buenos Aires,"23,00","-36,6769","-60,5588","22,90","23,36"
2021,2,Buenos Aires,"23,35","-36,6769","-60,5588","23,00","23,46"
2021,3,Buenos Aires,"23,97","-36,6769","-60,5588","23,35","23,82"
2021,4,Buenos Aires,"25,36","-36,6769","-60,5588","23,97","24,45"
2022,1,Buenos Aires,"25,56","-36,6769","-60,5588","25,36","25,87"
2022,2,Buenos Aires,"26,13","-36,6769","-60,5588","25,56","26,07"
2022,3,Buenos Aires,"26,37","-36,6769","-60,5588","26,13","26,65"
2022,4,Buenos Aires,"26,72","-36,6769","-60,5588","26,37","26,90"
2023,1,Buenos Aires,"26,81","-36,6769","-60,5588","26,72","27,25"
2023,2,Buenos Aires,"27,10","-36,6769","-60,5588","26,81","27,35"
2023,3,Buenos Aires,"27,50","-36,6769","-60,5588","27,10","27,64"
2023,4,Buenos Aires,"27,68","-36,6769","-60,5588","27,50","28,05"
2024,1,Buenos Aires,"27,80","-36,6769","-60,5588","27,68","28,23"
2024,2,Buenos Aires,"27,43","-36,6769","-60,5588","27,80","28,36"
2014,1,Capital Federal,"42,66","-34,6037","-58,3816","0,00","0,00"
2014,2,Capital Federal,"42,97","-34,6037","-58,3816","42,66","43,51"
2014,3,Capital Federal,"43,21","-34,6037","-58,3816","42,97","43,83"
2014,4,Capital Federal,"43,60","-34,6037","-58,3816","43,21","44,07"
2015,1,Capital Federal,"43,66","-34,6037","-58,3816","43,60","44,48"
2015,2,Capital Federal,"44,08","-34,6037","-58,3816","43,66","44,53"
2015,3,Capital Federal,"44,91","-34,6037","-58,3816","44,08","44,97"
2015,4,Capital Federal,"44,83","-34,6037","-58,3816","44,91","45,81"
2016,1,Capital Federal,"43,76","-34,6037","-58,3816","44,83","45,73"
2016,2,Capital Federal,"45,59","-34,6037","-58,3816","43,76","44,63"
2016,3,Capital Federal,"45,85","-34,6037","-58,3816","45,59","46,51"
2016,4,Capital Federal,"45,78","-34,6037","-58,3816","45,85","46,77"
2017,1,Capital Federal,"45,69","-34,6037","-58,3816","45,78","46,70"
2017,2,Capital Federal,"52,24","-34,6037","-58,3816","45,69","46,60"
2017,3,Capital Federal,"51,24","-34,6037","-58,3816","52,24","53,28"
2017,4,Capital Federal,"51,62","-34,6037","-58,3816","51,24","52,27"
2018,1,Capital Federal,"44,56","-34,6037","-58,3816","51,62","52,65"
2018,2,Capital Federal,"44,63","-34,6037","-58,3816","44,56","45,45"
2018,3,Capital Federal,"45,38","-34,6037","-58,3816","44,63","45,53"
2018,4,Capital Federal,"45,25","-34,6037","-58,3816","45,38","46,28"
2019,1,Capital Federal,"45,58","-34,6037","-58,3816","45,25","46,15"
2019,2,Capital Federal,"46,09","-34,6037","-58,3816","45,58","46,49"
2019,3,Capital Federal,"46,90","-34,6037","-58,3816","46,09","47,01"
2019,4,Capital Federal,"44,19","-34,6037","-58,3816","46,90","47,84"
2020,1,Capital Federal,"44,02","-34,6037","-58,3816","44,19","45,07"
2020,2,Capital Federal,"44,15","-34,6037","-58,3816","44,02","44,90"
2020,3,Capital Federal,"44,62","-34,6037","-58,3816","44,15","45,03"
2020,4,Capital Federal,"44,83","-34,6037","-58,3816","44,62","45,52"
2021,1,Capital Federal,"44,83","-34,6037","-58,3816","44,83","45,73"
2021,2,Capital Federal,"45,49","-34,6037","-58,3816","44,83","45,72"
2021,3,Capital Federal,"45,90","-34,6037","-58,3816","45,49","46,40"
2021,4,Capital Federal,"45,85","-34,6037","-58,3816","45,90","46,82"
2022,1,Capital Federal,"46,01","-34,6037","-58,3816","45,85","46,77"
2022,2,Capital Federal,"49,87","-34,6037","-58,3816","46,01","46,93"
2022,3,Capital Federal,"50,22","-34,6037","-58,3816","49,87","50,87"
2022,4,Capital Federal,"50,35","-34,6037","-58,3816","50,22","51,22"
2023,1,Capital Federal,"50,23","-34,6037","-58,3816","50,35","51,36"
2023,2,Capital Federal,"47,27","-34,6037","-58,3816","50,23","51,23"
2023,3,Capital Federal,"47,60","-34,6037","-58,3816","47,27","48,22"
2023,4,Capital Federal,"47,80","-34,6037","-58,3816","47,60","48,55"
2024,1,Capital Federal,"48,78","-34,6037","-58,3816","47,80","48,76"
2024,2,Capital Federal,"47,44","-34,6037","-58,3816","48,78","49,76"
2014,1,Catamarca,"6,18","-28,4696","-65,7795","0,00","0,00"
2014,2,Catamarca,"6,28","-28,4696","-65,7795","6,18","6,31"
2014,3,Catamarca,"6,27","-28,4696","-65,7795","6,28","6,41"
2014,4,Catamarca,"6,46","-28,4696","-65,7795","6,27","6,40"
2015,1,Catamarca,"6,40","-28,4696","-65,7795","6,46","6,59"
2015,2,Catamarca,"6,48","-28,4696","-65,7795","6,40","6,53"
2015,3,Catamarca,"6,56","-28,4696","-65,7795","6,48","6,60"
2015,4,Catamarca,"6,64","-28,4696","-65,7795","6,56","6,70"
2016,1,Catamarca,"6,61","-28,4696","-65,7795","6,64","6,78"
2016,2,Catamarca,"6,63","-28,4696","-65,7795","6,61","6,74"
2016,3,Catamarca,"6,72","-28,4696","-65,7795","6,63","6,77"
2016,4,Catamarca,"6,72","-28,4696","-65,7795","6,72","6,86"
2017,1,Catamarca,"6,53","-28,4696","-65,7795","6,72","6,86"
2017,2,Catamarca,"6,61","-28,4696","-65,7795","6,53","6,66"
2017,3,Catamarca,"8,27","-28,4696","-65,7795","6,61","6,74"
2017,4,Catamarca,"7,28","-28,4696","-65,7795","8,27","8,43"
2018,1,Catamarca,"8,34","-28,4696","-65,7795","7,28","7,43"
2018,2,Catamarca,"8,36","-28,4696","-65,7795","8,34","8,51"
2018,3,Catamarca,"8,37","-28,4696","-65,7795","8,36","8,53"
2018,4,Catamarca,"8,20","-28,4696","-65,7795","8,37","8,54"
2019,1,Catamarca,"8,19","-28,4696","-65,7795","8,20","8,36"
2019,2,Catamarca,"8,17","-28,4696","-65,7795","8,19","8,35"
2019,3,Catamarca,"7,86","-28,4696","-65,7795","8,17","8,34"
2019,4,Catamarca,"9,27","-28,4696","-65,7795","7,86","8,01"
2020,1,Catamarca,"9,57","-28,4696","-65,7795","9,27","9,45"
2020,2,Catamarca,"11,56","-28,4696","-65,7795","9,57","9,76"
2020,3,Catamarca,"12,00","-28,4696","-65,7795","11,56","11,79"
2020,4,Catamarca,"12,57","-28,4696","-65,7795","12,00","12,24"
2021,1,Catamarca,"12,44","-28,4696","-65,7795","12,57","12,82"
2021,2,Catamarca,"13,31","-28,4696","-65,7795","12,44","12,69"
2021,3,Catamarca,"13,41","-28,4696","-65,7795","13,31","13,58"
2021,4,Catamarca,"14,05","-28,4696","-65,7795","13,41","13,68"
2022,1,Catamarca,"14,81","-28,4696","-65,7795","14,05","14,34"
2022,2,Catamarca,"15,87","-28,4696","-65,7795","14,81","15,10"
2022,3,Catamarca,"16,62","-28,4696","-65,7795","15,87","16,19"
2022,4,Catamarca,"16,73","-28,4696","-65,7795","16,62","16,95"
2023,1,Catamarca,"16,83","-28,4696","-65,7795","16,73","17,06"
2023,2,Catamarca,"17,15","-28,4696","-65,7795","16,83","17,17"
2023,3,Catamarca,"17,44","-28,4696","-65,7795","17,15","17,49"
2023,4,Catamarca,"17,46","-28,4696","-65,7795","17,44","17,79"
2024,1,Catamarca,"17,50","-28,4696","-65,7795","17,46","17,81"
2024,2,Catamarca,"17,50","-28,4696","-65,7795","17,50","17,85"
2014,1,Chaco,"5,55","-27,4515","-58,9864","0,00","0,00"
2014,2,Chaco,"5,60","-27,4515","-58,9864","5,55","5,66"
2014,3,Chaco,"5,63","-27,4515","-58,9864","5,60","5,71"
2014,4,Chaco,"5,81","-27,4515","-58,9864","5,63","5,74"
2015,1,Chaco,"7,14","-27,4515","-58,9864","5,81","5,93"
2015,2,Chaco,"7,34","-27,4515","-58,9864","7,14","7,29"
2015,3,Chaco,"7,45","-27,4515","-58,9864","7,34","7,49"
2015,4,Chaco,"7,54","-27,4515","-58,9864","7,45","7,60"
2016,1,Chaco,"7,52","-27,4515","-58,9864","7,54","7,69"
2016,2,Chaco,"7,64","-27,4515","-58,9864","7,52","7,68"
2016,3,Chaco,"7,71","-27,4515","-58,9864","7,64","7,80"
2016,4,Chaco,"7,65","-27,4515","-58,9864","7,71","7,86"
2017,1,Chaco,"7,65","-27,4515","-58,9864","7,65","7,81"
2017,2,Chaco,"7,76","-27,4515","-58,9864","7,65","7,80"
2017,3,Chaco,"8,01","-27,4515","-58,9864","7,76","7,92"
2017,4,Chaco,"8,23","-27,4515","-58,9864","8,01","8,17"
2018,1,Chaco,"8,24","-27,4515","-58,9864","8,23","8,40"
2018,2,Chaco,"8,35","-27,4515","-58,9864","8,24","8,41"
2018,3,Chaco,"8,63","-27,4515","-58,9864","8,35","8,52"
2018,4,Chaco,"8,71","-27,4515","-58,9864","8,63","8,80"
2019,1,Chaco,"8,72","-27,4515","-58,9864","8,71","8,89"
2019,2,Chaco,"9,13","-27,4515","-58,9864","8,72","8,90"
2019,3,Chaco,"9,58","-27,4515","-58,9864","9,13","9,31"
2019,4,Chaco,"9,85","-27,4515","-58,9864","9,58","9,77"
2020,1,Chaco,"10,02","-27,4515","-58,9864","9,85","10,04"
2020,2,Chaco,"10,65","-27,4515","-58,9864","10,02","10,22"
2020,3,Chaco,"11,10","-27,4515","-58,9864","10,65","10,86"
2020,4,Chaco,"11,50","-27,4515","-58,9864","11,10","11,32"
2021,1,Chaco,"11,53","-27,4515","-58,9864","11,50","11,73"
2021,2,Chaco,"11,58","-27,4515","-58,9864","11,53","11,76"
2021,3,Chaco,"11,48","-27,4515","-58,9864","11,58","11,81"
2021,4,Chaco,"11,77","-27,4515","-58,9864","11,48","11,71"
2022,1,Chaco,"11,78","-27,4515","-58,9864","11,77","12,01"
2022,2,Chaco,"11,70","-27,4515","-58,9864","11,78","12,01"
2022,3,Chaco,"11,72","-27,4515","-58,9864","11,70","11,94"
2022,4,Chaco,"11,66","-27,4515","-58,9864","11,72","11,95"
2023,1,Chaco,"11,53","-27,4515","-58,9864","11,66","11,89"
2023,2,Chaco,"11,46","-27,4515","-58,9864","11,53","11,76"
2023,3,Chaco,"11,46","-27,4515","-58,9864","11,46","11,69"
2023,4,Chaco,"11,85","-27,4515","-58,9864","11,46","11,69"
2024,1,Chaco,"12,48","-27,4515","-58,9864","11,85","12,09"
2024,2,Chaco,"11,78","-27,4515","-58,9864","12,48","12,73"
2014,1,Chubut,"12,70","-43,3002","-65,1023","0,00","0,00"
2014,2,Chubut,"12,70","-43,3002","-65,1023","12,70","12,96"
2014,3,Chubut,"12,39","-43,3002","-65,1023","12,70","12,95"
2014,4,Chubut,"12,22","-43,3002","-65,1023","12,39","12,64"
2015,1,Chubut,"11,59","-43,3002","-65,1023","12,22","12,47"
2015,2,Chubut,"11,22","-43,3002","-65,1023","11,59","11,82"
2015,3,Chubut,"11,23","-43,3002","-65,1023","11,22","11,44"
2015,4,Chubut,"11,21","-43,3002","-65,1023","11,23","11,46"
2016,1,Chubut,"11,12","-43,3002","-65,1023","11,21","11,43"
2016,2,Chubut,"11,07","-43,3002","-65,1023","11,12","11,34"
2016,3,Chubut,"11,04","-43,3002","-65,1023","11,07","11,30"
2016,4,Chubut,"10,96","-43,3002","-65,1023","11,04","11,26"
2017,1,Chubut,"10,93","-43,3002","-65,1023","10,96","11,18"
2017,2,Chubut,"10,90","-43,3002","-65,1023","10,93","11,15"
2017,3,Chubut,"14,17","-43,3002","-65,1023","10,90","11,12"
2017,4,Chubut,"15,78","-43,3002","-65,1023","14,17","14,45"
2018,1,Chubut,"16,47","-43,3002","-65,1023","15,78","16,09"
2018,2,Chubut,"16,83","-43,3002","-65,1023","16,47","16,80"
2018,3,Chubut,"17,29","-43,3002","-65,1023","16,83","17,17"
2018,4,Chubut,"13,06","-43,3002","-65,1023","17,29","17,63"
2019,1,Chubut,"13,18","-43,3002","-65,1023","13,06","13,32"
2019,2,Chubut,"14,40","-43,3002","-65,1023","13,18","13,44"
2019,3,Chubut,"14,58","-43,3002","-65,1023","14,40","14,69"
2019,4,Chubut,"15,68","-43,3002","-65,1023","14,58","14,87"
2020,1,Chubut,"15,72","-43,3002","-65,1023","15,68","15,99"
2020,2,Chubut,"17,58","-43,3002","-65,1023","15,72","16,03"
2020,3,Chubut,"20,95","-43,3002","-65,1023","17,58","17,93"
2020,4,Chubut,"20,95","-43,3002","-65,1023","20,95","21,37"
2021,1,Chubut,"21,15","-43,3002","-65,1023","20,95","21,37"
2021,2,Chubut,"22,16","-43,3002","-65,1023","21,15","21,57"
2021,3,Chubut,"24,74","-43,3002","-65,1023","22,16","22,60"
2021,4,Chubut,"25,31","-43,3002","-65,1023","24,74","25,23"
2022,1,Chubut,"26,99","-43,3002","-65,1023","25,31","25,82"
2022,2,Chubut,"25,50","-43,3002","-65,1023","26,99","27,53"
2022,3,Chubut,"25,86","-43,3002","-65,1023","25,50","26,01"
2022,4,Chubut,"26,23","-43,3002","-65,1023","25,86","26,38"
2023,1,Chubut,"26,32","-43,3002","-65,1023","26,23","26,75"
2023,2,Chubut,"25,28","-43,3002","-65,1023","26,32","26,85"
2023,3,Chubut,"25,82","-43,3002","-65,1023","25,28","25,79"
2023,4,Chubut,"26,04","-43,3002","-65,1023","25,82","26,34"
2024,1,Chubut,"26,02","-43,3002","-65,1023","26,04","26,56"
2024,2,Chubut,"26,46","-43,3002","-65,1023","26,02","26,54"
2014,1,Corrientes,"5,89","-27,4806","-58,8341","0,00","0,00"
2014,2,Corrientes,"5,95","-27,4806","-58,8341","5,89","6,01"
2014,3,Corrientes,"5,99","-27,4806","-58,8341","5,95","6,06"
2014,4,Corrientes,"6,17","-27,4806","-58,8341","5,99","6,11"
2015,1,Corrientes,"7,64","-27,4806","-58,8341","6,17","6,30"
2015,2,Corrientes,"7,79","-27,4806","-58,8341","7,64","7,80"
2015,3,Corrientes,"7,93","-27,4806","-58,8341","7,79","7,95"
2015,4,Corrientes,"7,95","-27,4806","-58,8341","7,93","8,08"
2016,1,Corrientes,"7,94","-27,4806","-58,8341","7,95","8,11"
2016,2,Corrientes,"8,05","-27,4806","-58,8341","7,94","8,10"
2016,3,Corrientes,"8,16","-27,4806","-58,8341","8,05","8,21"
2016,4,Corrientes,"8,12","-27,4806","-58,8341","8,16","8,32"
2017,1,Corrientes,"8,15","-27,4806","-58,8341","8,12","8,28"
2017,2,Corrientes,"8,27","-27,4806","-58,8341","8,15","8,31"
2017,3,Corrientes,"8,47","-27,4806","-58,8341","8,27","8,43"
2017,4,Corrientes,"8,56","-27,4806","-58,8341","8,47","8,64"
2018,1,Corrientes,"8,60","-27,4806","-58,8341","8,56","8,73"
2018,2,Corrientes,"8,90","-27,4806","-58,8341","8,60","8,77"
2018,3,Corrientes,"9,02","-27,4806","-58,8341","8,90","9,08"
2018,4,Corrientes,"9,10","-27,4806","-58,8341","9,02","9,20"
2019,1,Corrientes,"9,25","-27,4806","-58,8341","9,10","9,28"
2019,2,Corrientes,"10,05","-27,4806","-58,8341","9,25","9,44"
2019,3,Corrientes,"10,13","-27,4806","-58,8341","10,05","10,25"
2019,4,Corrientes,"10,21","-27,4806","-58,8341","10,13","10,34"
2020,1,Corrientes,"10,20","-27,4806","-58,8341","10,21","10,41"
2020,2,Corrientes,"10,61","-27,4806","-58,8341","10,20","10,40"
2020,3,Corrientes,"10,99","-27,4806","-58,8341","10,61","10,83"
2020,4,Corrientes,"11,17","-27,4806","-58,8341","10,99","11,21"
2021,1,Corrientes,"11,23","-27,4806","-58,8341","11,17","11,40"
2021,2,Corrientes,"11,47","-27,4806","-58,8341","11,23","11,46"
2021,3,Corrientes,"11,82","-27,4806","-58,8341","11,47","11,69"
2021,4,Corrientes,"11,98","-27,4806","-58,8341","11,82","12,06"
2022,1,Corrientes,"12,55","-27,4806","-58,8341","11,98","12,22"
2022,2,Corrientes,"12,73","-27,4806","-58,8341","12,55","12,80"
2022,3,Corrientes,"12,69","-27,4806","-58,8341","12,73","12,99"
2022,4,Corrientes,"13,60","-27,4806","-58,8341","12,69","12,94"
2023,1,Corrientes,"13,71","-27,4806","-58,8341","13,60","13,87"
2023,2,Corrientes,"13,79","-27,4806","-58,8341","13,71","13,98"
2023,3,Corrientes,"13,90","-27,4806","-58,8341","13,79","14,07"
2023,4,Corrientes,"13,84","-27,4806","-58,8341","13,90","14,18"
2024,1,Corrientes,"13,68","-27,4806","-58,8341","13,84","14,12"
2024,2,Corrientes,"13,53","-27,4806","-58,8341","13,68","13,95"
2014,1,Córdoba,"16,13","-31,4201","-64,1888","0,00","0,00"
2014,2,Córdoba,"16,37","-31,4201","-64,1888","16,13","16,45"
2014,3,Córdoba,"16,56","-31,4201","-64,1888","16,37","16,69"
2014,4,Córdoba,"16,66","-31,4201","-64,1888","16,56","16,89"
2015,1,Córdoba,"16,79","-31,4201","-64,1888","16,66","16,99"
2015,2,Córdoba,"17,11","-31,4201","-64,1888","16,79","17,13"
2015,3,Córdoba,"17,43","-31,4201","-64,1888","17,11","17,45"
2015,4,Córdoba,"17,47","-31,4201","-64,1888","17,43","17,78"
2016,1,Córdoba,"16,97","-31,4201","-64,1888","17,47","17,82"
2016,2,Córdoba,"17,62","-31,4201","-64,1888","16,97","17,31"
2016,3,Córdoba,"17,79","-31,4201","-64,1888","17,62","17,97"
2016,4,Córdoba,"17,57","-31,4201","-64,1888","17,79","18,14"
2017,1,Córdoba,"17,65","-31,4201","-64,1888","17,57","17,92"
2017,2,Córdoba,"18,06","-31,4201","-64,1888","17,65","18,01"
2017,3,Córdoba,"19,08","-31,4201","-64,1888","18,06","18,42"
2017,4,Córdoba,"19,39","-31,4201","-64,1888","19,08","19,46"
2018,1,Córdoba,"19,45","-31,4201","-64,1888","19,39","19,78"
2018,2,Córdoba,"19,37","-31,4201","-64,1888","19,45","19,84"
2018,3,Córdoba,"19,67","-31,4201","-64,1888","19,37","19,76"
2018,4,Córdoba,"19,93","-31,4201","-64,1888","19,67","20,06"
2019,1,Córdoba,"20,06","-31,4201","-64,1888","19,93","20,33"
2019,2,Córdoba,"20,84","-31,4201","-64,1888","20,06","20,46"
2019,3,Córdoba,"21,00","-31,4201","-64,1888","20,84","21,26"
2019,4,Córdoba,"21,58","-31,4201","-64,1888","21,00","21,42"
2020,1,Córdoba,"21,64","-31,4201","-64,1888","21,58","22,01"
2020,2,Córdoba,"22,26","-31,4201","-64,1888","21,64","22,08"
2020,3,Córdoba,"23,03","-31,4201","-64,1888","22,26","22,71"
2020,4,Córdoba,"23,90","-31,4201","-64,1888","23,03","23,49"
2021,1,Córdoba,"24,06","-31,4201","-64,1888","23,90","24,38"
2021,2,Córdoba,"24,53","-31,4201","-64,1888","24,06","24,54"
2021,3,Córdoba,"24,89","-31,4201","-64,1888","24,53","25,02"
2021,4,Córdoba,"25,87","-31,4201","-64,1888","24,89","25,38"
2022,1,Córdoba,"26,26","-31,4201","-64,1888","25,87","26,39"
2022,2,Córdoba,"26,78","-31,4201","-64,1888","26,26","26,78"
2022,3,Córdoba,"27,04","-31,4201","-64,1888","26,78","27,32"
2022,4,Córdoba,"27,26","-31,4201","-64,1888","27,04","27,58"
2023,1,Córdoba,"27,20","-31,4201","-64,1888","27,26","27,81"
2023,2,Córdoba,"27,59","-31,4201","-64,1888","27,20","27,74"
2023,3,Córdoba,"27,57","-31,4201","-64,1888","27,59","28,14"
2023,4,Córdoba,"27,76","-31,4201","-64,1888","27,57","28,12"
2024,1,Córdoba,"27,77","-31,4201","-64,1888","27,76","28,32"
2024,2,Córdoba,"27,79","-31,4201","-64,1888","27,77","28,33"
2014,1,Entre Ríos,"10,30","-32,0718","-60,5238","0,00","0,00"
2014,2,Entre Ríos,"10,37","-32,0718","-60,5238","10,30","10,51"
2014,3,Entre Ríos,"10,43","-32,0718","-60,5238","10,37","10,58"
2014,4,Entre Ríos,"10,72","-32,0718","-60,5238","10,43","10,64"
2015,1,Entre Ríos,"12,61","-32,0718","-60,5238","10,72","10,93"
2015,2,Entre Ríos,"12,84","-32,0718","-60,5238","12,61","12,86"
2015,3,Entre Ríos,"13,03","-32,0718","-60,5238","12,84","13,09"
2015,4,Entre Ríos,"13,12","-32,0718","-60,5238","13,03","13,29"
2016,1,Entre Ríos,"13,14","-32,0718","-60,5238","13,12","13,39"
2016,2,Entre Ríos,"13,38","-32,0718","-60,5238","13,14","13,41"
2016,3,Entre Ríos,"13,55","-32,0718","-60,5238","13,38","13,64"
2016,4,Entre Ríos,"13,45","-32,0718","-60,5238","13,55","13,82"
2017,1,Entre Ríos,"13,43","-32,0718","-60,5238","13,45","13,72"
2017,2,Entre Ríos,"13,57","-32,0718","-60,5238","13,43","13,70"
2017,3,Entre Ríos,"13,74","-32,0718","-60,5238","13,57","13,84"
2017,4,Entre Ríos,"14,32","-32,0718","-60,5238","13,74","14,02"
2018,1,Entre Ríos,"14,56","-32,0718","-60,5238","14,32","14,60"
2018,2,Entre Ríos,"14,71","-32,0718","-60,5238","14,56","14,85"
2018,3,Entre Ríos,"15,02","-32,0718","-60,5238","14,71","15,01"
2018,4,Entre Ríos,"16,26","-32,0718","-60,5238","15,02","15,32"
2019,1,Entre Ríos,"16,98","-32,0718","-60,5238","16,26","16,58"
2019,2,Entre Ríos,"17,19","-32,0718","-60,5238","16,98","17,32"
2019,3,Entre Ríos,"17,31","-32,0718","-60,5238","17,19","17,53"
2019,4,Entre Ríos,"17,34","-32,0718","-60,5238","17,31","17,66"
2020,1,Entre Ríos,"16,78","-32,0718","-60,5238","17,34","17,69"
2020,2,Entre Ríos,"16,90","-32,0718","-60,5238","16,78","17,11"
2020,3,Entre Ríos,"17,40","-32,0718","-60,5238","16,90","17,24"
2020,4,Entre Ríos,"17,78","-32,0718","-60,5238","17,40","17,75"
2021,1,Entre Ríos,"18,07","-32,0718","-60,5238","17,78","18,14"
2021,2,Entre Ríos,"18,44","-32,0718","-60,5238","18,07","18,43"
2021,3,Entre Ríos,"18,59","-32,0718","-60,5238","18,44","18,80"
2021,4,Entre Ríos,"18,88","-32,0718","-60,5238","18,59","18,96"
2022,1,Entre Ríos,"19,05","-32,0718","-60,5238","18,88","19,26"
2022,2,Entre Ríos,"19,10","-32,0718","-60,5238","19,05","19,43"
2022,3,Entre Ríos,"19,04","-32,0718","-60,5238","19,10","19,49"
2022,4,Entre Ríos,"19,14","-32,0718","-60,5238","19,04","19,42"
2023,1,Entre Ríos,"19,37","-32,0718","-60,5238","19,14","19,52"
2023,2,Entre Ríos,"19,26","-32,0718","-60,5238","19,37","19,76"
2023,3,Entre Ríos,"20,58","-32,0718","-60,5238","19,26","19,65"
2023,4,Entre Ríos,"20,91","-32,0718","-60,5238","20,58","20,99"
2024,1,Entre Ríos,"20,72","-32,0718","-60,5238","20,91","21,33"
2024,2,Entre Ríos,"20,52","-32,0718","-60,5238","20,72","21,13"
2014,1,Formosa,"4,44","-26,1728","-58,1825","0,00","0,00"
2014,2,Formosa,"4,46","-26,1728","-58,1825","4,44","4,53"
2014,3,Formosa,"4,51","-26,1728","-58,1825","4,46","4,55"
2014,4,Formosa,"4,55","-26,1728","-58,1825","4,51","4,60"
2015,1,Formosa,"4,62","-26,1728","-58,1825","4,55","4,64"
2015,2,Formosa,"4,67","-26,1728","-58,1825","4,62","4,72"
2015,3,Formosa,"4,78","-26,1728","-58,1825","4,67","4,77"
2015,4,Formosa,"4,83","-26,1728","-58,1825","4,78","4,88"
2016,1,Formosa,"4,86","-26,1728","-58,1825","4,83","4,93"
2016,2,Formosa,"4,93","-26,1728","-58,1825","4,86","4,96"
2016,3,Formosa,"4,73","-26,1728","-58,1825","4,93","5,03"
2016,4,Formosa,"5,03","-26,1728","-58,1825","4,73","4,83"
2017,1,Formosa,"5,05","-26,1728","-58,1825","5,03","5,13"
2017,2,Formosa,"5,08","-26,1728","-58,1825","5,05","5,15"
2017,3,Formosa,"5,43","-26,1728","-58,1825","5,08","5,18"
2017,4,Formosa,"5,41","-26,1728","-58,1825","5,43","5,54"
2018,1,Formosa,"5,45","-26,1728","-58,1825","5,41","5,52"
2018,2,Formosa,"7,49","-26,1728","-58,1825","5,45","5,56"
2018,3,Formosa,"7,53","-26,1728","-58,1825","7,49","7,64"
2018,4,Formosa,"7,57","-26,1728","-58,1825","7,53","7,68"
2019,1,Formosa,"7,55","-26,1728","-58,1825","7,57","7,72"
2019,2,Formosa,"7,74","-26,1728","-58,1825","7,55","7,70"
2019,3,Formosa,"7,66","-26,1728","-58,1825","7,74","7,90"
2019,4,Formosa,"7,76","-26,1728","-58,1825","7,66","7,82"
2020,1,Formosa,"7,69","-26,1728","-58,1825","7,76","7,91"
2020,2,Formosa,"7,93","-26,1728","-58,1825","7,69","7,85"
2020,3,Formosa,"8,12","-26,1728","-58,1825","7,93","8,08"
2020,4,Formosa,"8,27","-26,1728","-58,1825","8,12","8,28"
2021,1,Formosa,"8,33","-26,1728","-58,1825","8,27","8,43"
2021,2,Formosa,"8,46","-26,1728","-58,1825","8,33","8,50"
2021,3,Formosa,"8,64","-26,1728","-58,1825","8,46","8,63"
2021,4,Formosa,"8,77","-26,1728","-58,1825","8,64","8,82"
2022,1,Formosa,"8,90","-26,1728","-58,1825","8,77","8,94"
2022,2,Formosa,"11,05","-26,1728","-58,1825","8,90","9,07"
2022,3,Formosa,"11,14","-26,1728","-58,1825","11,05","11,27"
2022,4,Formosa,"10,03","-26,1728","-58,1825","11,14","11,36"
2023,1,Formosa,"9,87","-26,1728","-58,1825","10,03","10,23"
2023,2,Formosa,"9,75","-26,1728","-58,1825","9,87","10,07"
2023,3,Formosa,"9,89","-26,1728","-58,1825","9,75","9,95"
2023,4,Formosa,"9,98","-26,1728","-58,1825","9,89","10,09"
2024,1,Formosa,"10,08","-26,1728","-58,1825","9,98","10,18"
2024,2,Formosa,"10,10","-26,1728","-58,1825","10,08","10,28"
2014,1,Jujuy,"4,72","-24,1945","-65,2971","0,00","0,00"
2014,2,Jujuy,"4,78","-24,1945","-65,2971","4,72","4,82"
2014,3,Jujuy,"4,68","-24,1945","-65,2971","4,78","4,88"
2014,4,Jujuy,"4,98","-24,1945","-65,2971","4,68","4,78"
2015,1,Jujuy,"5,05","-24,1945","-65,2971","4,98","5,08"
2015,2,Jujuy,"5,19","-24,1945","-65,2971","5,05","5,15"
2015,3,Jujuy,"5,42","-24,1945","-65,2971","5,19","5,29"
2015,4,Jujuy,"5,46","-24,1945","-65,2971","5,42","5,53"
2016,1,Jujuy,"5,49","-24,1945","-65,2971","5,46","5,57"
2016,2,Jujuy,"5,60","-24,1945","-65,2971","5,49","5,60"
2016,3,Jujuy,"5,76","-24,1945","-65,2971","5,60","5,71"
2016,4,Jujuy,"5,76","-24,1945","-65,2971","5,76","5,88"
2017,1,Jujuy,"5,82","-24,1945","-65,2971","5,76","5,87"
2017,2,Jujuy,"5,73","-24,1945","-65,2971","5,82","5,94"
2017,3,Jujuy,"5,79","-24,1945","-65,2971","5,73","5,84"
2017,4,Jujuy,"5,82","-24,1945","-65,2971","5,79","5,91"
2018,1,Jujuy,"5,91","-24,1945","-65,2971","5,82","5,93"
2018,2,Jujuy,"5,99","-24,1945","-65,2971","5,91","6,03"
2018,3,Jujuy,"5,95","-24,1945","-65,2971","5,99","6,11"
2018,4,Jujuy,"11,90","-24,1945","-65,2971","5,95","6,07"
2019,1,Jujuy,"11,87","-24,1945","-65,2971","11,90","12,14"
2019,2,Jujuy,"11,38","-24,1945","-65,2971","11,87","12,11"
2019,3,Jujuy,"11,33","-24,1945","-65,2971","11,38","11,61"
2019,4,Jujuy,"11,60","-24,1945","-65,2971","11,33","11,56"
2020,1,Jujuy,"11,93","-24,1945","-65,2971","11,60","11,84"
2020,2,Jujuy,"12,25","-24,1945","-65,2971","11,93","12,17"
2020,3,Jujuy,"13,82","-24,1945","-65,2971","12,25","12,49"
2020,4,Jujuy,"13,67","-24,1945","-65,2971","13,82","14,10"
2021,1,Jujuy,"14,23","-24,1945","-65,2971","13,67","13,94"
2021,2,Jujuy,"14,37","-24,1945","-65,2971","14,23","14,51"
2021,3,Jujuy,"14,24","-24,1945","-65,2971","14,37","14,65"
2021,4,Jujuy,"14,56","-24,1945","-65,2971","14,24","14,53"
2022,1,Jujuy,"14,85","-24,1945","-65,2971","14,56","14,85"
2022,2,Jujuy,"14,66","-24,1945","-65,2971","14,85","15,14"
2022,3,Jujuy,"15,06","-24,1945","-65,2971","14,66","14,95"
2022,4,Jujuy,"14,95","-24,1945","-65,2971","15,06","15,36"
2023,1,Jujuy,"14,88","-24,1945","-65,2971","14,95","15,25"
2023,2,Jujuy,"14,78","-24,1945","-65,2971","14,88","15,18"
2023,3,Jujuy,"14,73","-24,1945","-65,2971","14,78","15,08"
2023,4,Jujuy,"14,77","-24,1945","-65,2971","14,73","15,02"
2024,1,Jujuy,"14,74","-24,1945","-65,2971","14,77","15,07"
2024,2,Jujuy,"14,91","-24,1945","-65,2971","14,74","15,03"
2014,1,La Pampa,"15,99","-37,7429","-64,2856","0,00","0,00"
2014,2,La Pampa,"16,38","-37,7429","-64,2856","15,99","16,31"
2014,3,La Pampa,"18,34","-37,7429","-64,2856","16,38","16,71"
2014,4,La Pampa,"16,82","-37,7429","-64,2856","18,34","18,70"
2015,1,La Pampa,"18,33","-37,7429","-64,2856","16,82","17,15"
2015,2,La Pampa,"18,69","-37,7429","-64,2856","18,33","18,70"
2015,3,La Pampa,"19,06","-37,7429","-64,2856","18,69","19,06"
2015,4,La Pampa,"19,27","-37,7429","-64,2856","19,06","19,44"
2016,1,La Pampa,"19,10","-37,7429","-64,2856","19,27","19,66"
2016,2,La Pampa,"19,91","-37,7429","-64,2856","19,10","19,48"
2016,3,La Pampa,"20,29","-37,7429","-64,2856","19,91","20,31"
2016,4,La Pampa,"20,67","-37,7429","-64,2856","20,29","20,70"
2017,1,La Pampa,"20,65","-37,7429","-64,2856","20,67","21,08"
2017,2,La Pampa,"20,92","-37,7429","-64,2856","20,65","21,06"
2017,3,La Pampa,"22,78","-37,7429","-64,2856","20,92","21,34"
2017,4,La Pampa,"23,41","-37,7429","-64,2856","22,78","23,24"
2018,1,La Pampa,"23,64","-37,7429","-64,2856","23,41","23,88"
2018,2,La Pampa,"23,41","-37,7429","-64,2856","23,64","24,11"
2018,3,La Pampa,"23,64","-37,7429","-64,2856","23,41","23,88"
2018,4,La Pampa,"24,22","-37,7429","-64,2856","23,64","24,11"
2019,1,La Pampa,"25,16","-37,7429","-64,2856","24,22","24,70"
2019,2,La Pampa,"25,40","-37,7429","-64,2856","25,16","25,66"
2019,3,La Pampa,"25,52","-37,7429","-64,2856","25,40","25,91"
2019,4,La Pampa,"25,34","-37,7429","-64,2856","25,52","26,03"
2020,1,La Pampa,"24,96","-37,7429","-64,2856","25,34","25,85"
2020,2,La Pampa,"25,07","-37,7429","-64,2856","24,96","25,46"
2020,3,La Pampa,"26,12","-37,7429","-64,2856","25,07","25,58"
2020,4,La Pampa,"26,94","-37,7429","-64,2856","26,12","26,64"
2021,1,La Pampa,"26,94","-37,7429","-64,2856","26,94","27,48"
2021,2,La Pampa,"27,04","-37,7429","-64,2856","26,94","27,48"
2021,3,La Pampa,"27,77","-37,7429","-64,2856","27,04","27,58"
2021,4,La Pampa,"29,51","-37,7429","-64,2856","27,77","28,32"
2022,1,La Pampa,"30,20","-37,7429","-64,2856","29,51","30,10"
2022,2,La Pampa,"30,63","-37,7429","-64,2856","30,20","30,80"
2022,3,La Pampa,"31,82","-37,7429","-64,2856","30,63","31,25"
2022,4,La Pampa,"31,23","-37,7429","-64,2856","31,82","32,46"
2023,1,La Pampa,"31,81","-37,7429","-64,2856","31,23","31,85"
2023,2,La Pampa,"32,40","-37,7429","-64,2856","31,81","32,45"
2023,3,La Pampa,"32,62","-37,7429","-64,2856","32,40","33,05"
2023,4,La Pampa,"32,93","-37,7429","-64,2856","32,62","33,27"
2024,1,La Pampa,"33,11","-37,7429","-64,2856","32,93","33,59"
2024,2,La Pampa,"33,33","-37,7429","-64,2856","33,11","33,77"
2014,1,La Rioja,"4,35","-29,4135","-66,8565","0,00","0,00"
2014,2,La Rioja,"4,39","-29,4135","-66,8565","4,35","4,44"
2014,3,La Rioja,"4,38","-29,4135","-66,8565","4,39","4,48"
2014,4,La Rioja,"4,50","-29,4135","-66,8565","4,38","4,47"
2015,1,La Rioja,"4,46","-29,4135","-66,8565","4,50","4,59"
2015,2,La Rioja,"4,49","-29,4135","-66,8565","4,46","4,55"
2015,3,La Rioja,"4,55","-29,4135","-66,8565","4,49","4,58"
2015,4,La Rioja,"4,58","-29,4135","-66,8565","4,55","4,64"
2016,1,La Rioja,"4,50","-29,4135","-66,8565","4,58","4,67"
2016,2,La Rioja,"4,49","-29,4135","-66,8565","4,50","4,59"
2016,3,La Rioja,"4,53","-29,4135","-66,8565","4,49","4,58"
2016,4,La Rioja,"4,35","-29,4135","-66,8565","4,53","4,62"
2017,1,La Rioja,"4,31","-29,4135","-66,8565","4,35","4,44"
2017,2,La Rioja,"4,31","-29,4135","-66,8565","4,31","4,40"
2017,3,La Rioja,"13,70","-29,4135","-66,8565","4,31","4,40"
2017,4,La Rioja,"13,73","-29,4135","-66,8565","13,70","13,97"
2018,1,La Rioja,"13,69","-29,4135","-66,8565","13,73","14,00"
2018,2,La Rioja,"13,57","-29,4135","-66,8565","13,69","13,97"
2018,3,La Rioja,"13,51","-29,4135","-66,8565","13,57","13,84"
2018,4,La Rioja,"13,40","-29,4135","-66,8565","13,51","13,78"
2019,1,La Rioja,"13,36","-29,4135","-66,8565","13,40","13,67"
2019,2,La Rioja,"12,97","-29,4135","-66,8565","13,36","13,63"
2019,3,La Rioja,"12,76","-29,4135","-66,8565","12,97","13,22"
2019,4,La Rioja,"12,55","-29,4135","-66,8565","12,76","13,02"
2020,1,La Rioja,"12,34","-29,4135","-66,8565","12,55","12,80"
2020,2,La Rioja,"13,27","-29,4135","-66,8565","12,34","12,58"
2020,3,La Rioja,"13,34","-29,4135","-66,8565","13,27","13,53"
2020,4,La Rioja,"13,34","-29,4135","-66,8565","13,34","13,61"
2021,1,La Rioja,"13,26","-29,4135","-66,8565","13,34","13,61"
2021,2,La Rioja,"20,49","-29,4135","-66,8565","13,26","13,52"
2021,3,La Rioja,"20,57","-29,4135","-66,8565","20,49","20,90"
2021,4,La Rioja,"20,74","-29,4135","-66,8565","20,57","20,98"
2022,1,La Rioja,"20,97","-29,4135","-66,8565","20,74","21,16"
2022,2,La Rioja,"21,33","-29,4135","-66,8565","20,97","21,39"
2022,3,La Rioja,"21,47","-29,4135","-66,8565","21,33","21,76"
2022,4,La Rioja,"21,26","-29,4135","-66,8565","21,47","21,90"
2023,1,La Rioja,"21,23","-29,4135","-66,8565","21,26","21,69"
2023,2,La Rioja,"21,30","-29,4135","-66,8565","21,23","21,65"
2023,3,La Rioja,"21,41","-29,4135","-66,8565","21,30","21,73"
2023,4,La Rioja,"21,35","-29,4135","-66,8565","21,41","21,84"
2024,1,La Rioja,"21,30","-29,4135","-66,8565","21,35","21,78"
2024,2,La Rioja,"21,17","-29,4135","-66,8565","21,30","21,73"
2014,1,Mendoza,"8,93","-34,5890","-68,3480","0,00","0,00"
2014,2,Mendoza,"8,96","-34,5890","-68,3480","8,93","9,11"
2014,3,Mendoza,"8,99","-34,5890","-68,3480","8,96","9,14"
2014,4,Mendoza,"9,06","-34,5890","-68,3480","8,99","9,17"
2015,1,Mendoza,"9,06","-34,5890","-68,3480","9,06","9,24"
2015,2,Mendoza,"9,07","-34,5890","-68,3480","9,06","9,24"
2015,3,Mendoza,"9,04","-34,5890","-68,3480","9,07","9,25"
2015,4,Mendoza,"9,02","-34,5890","-68,3480","9,04","9,22"
2016,1,Mendoza,"8,99","-34,5890","-68,3480","9,02","9,20"
2016,2,Mendoza,"8,97","-34,5890","-68,3480","8,99","9,17"
2016,3,Mendoza,"8,93","-34,5890","-68,3480","8,97","9,15"
2016,4,Mendoza,"8,91","-34,5890","-68,3480","8,93","9,11"
2017,1,Mendoza,"8,89","-34,5890","-68,3480","8,91","9,09"
2017,2,Mendoza,"8,86","-34,5890","-68,3480","8,89","9,06"
2017,3,Mendoza,"9,96","-34,5890","-68,3480","8,86","9,04"
2017,4,Mendoza,"9,30","-34,5890","-68,3480","9,96","10,16"
2018,1,Mendoza,"10,35","-34,5890","-68,3480","9,30","9,49"
2018,2,Mendoza,"10,32","-34,5890","-68,3480","10,35","10,55"
2018,3,Mendoza,"10,60","-34,5890","-68,3480","10,32","10,52"
2018,4,Mendoza,"10,54","-34,5890","-68,3480","10,60","10,81"
2019,1,Mendoza,"10,51","-34,5890","-68,3480","10,54","10,75"
2019,2,Mendoza,"11,37","-34,5890","-68,3480","10,51","10,72"
2019,3,Mendoza,"11,37","-34,5890","-68,3480","11,37","11,60"
2019,4,Mendoza,"9,39","-34,5890","-68,3480","11,37","11,60"
2020,1,Mendoza,"9,25","-34,5890","-68,3480","9,39","9,58"
2020,2,Mendoza,"10,12","-34,5890","-68,3480","9,25","9,43"
2020,3,Mendoza,"10,42","-34,5890","-68,3480","10,12","10,32"
2020,4,Mendoza,"10,78","-34,5890","-68,3480","10,42","10,63"
2021,1,Mendoza,"10,93","-34,5890","-68,3480","10,78","11,00"
2021,2,Mendoza,"11,43","-34,5890","-68,3480","10,93","11,14"
2021,3,Mendoza,"12,71","-34,5890","-68,3480","11,43","11,66"
2021,4,Mendoza,"13,26","-34,5890","-68,3480","12,71","12,96"
2022,1,Mendoza,"13,60","-34,5890","-68,3480","13,26","13,52"
2022,2,Mendoza,"13,78","-34,5890","-68,3480","13,60","13,87"
2022,3,Mendoza,"14,24","-34,5890","-68,3480","13,78","14,06"
2022,4,Mendoza,"14,33","-34,5890","-68,3480","14,24","14,52"
2023,1,Mendoza,"14,34","-34,5890","-68,3480","14,33","14,62"
2023,2,Mendoza,"14,54","-34,5890","-68,3480","14,34","14,63"
2023,3,Mendoza,"14,52","-34,5890","-68,3480","14,54","14,83"
2023,4,Mendoza,"14,55","-34,5890","-68,3480","14,52","14,81"
2024,1,Mendoza,"14,67","-34,5890","-68,3480","14,55","14,84"
2024,2,Mendoza,"14,60","-34,5890","-68,3480","14,67","14,96"
2014,1,Misiones,"6,32","-27,3644","-55,9000","0,00","0,00"
2014,2,Misiones,"6,37","-27,3644","-55,9000","6,32","6,45"
2014,3,Misiones,"6,40","-27,3644","-55,9000","6,37","6,49"
2014,4,Misiones,"6,54","-27,3644","-55,9000","6,40","6,53"
2015,1,Misiones,"7,19","-27,3644","-55,9000","6,54","6,67"
2015,2,Misiones,"7,45","-27,3644","-55,9000","7,19","7,33"
2015,3,Misiones,"7,69","-27,3644","-55,9000","7,45","7,60"
2015,4,Misiones,"7,77","-27,3644","-55,9000","7,69","7,84"
2016,1,Misiones,"7,75","-27,3644","-55,9000","7,77","7,92"
2016,2,Misiones,"7,96","-27,3644","-55,9000","7,75","7,91"
2016,3,Misiones,"8,12","-27,3644","-55,9000","7,96","8,12"
2016,4,Misiones,"8,05","-27,3644","-55,9000","8,12","8,28"
2017,1,Misiones,"8,04","-27,3644","-55,9000","8,05","8,21"
2017,2,Misiones,"8,20","-27,3644","-55,9000","8,04","8,20"
2017,3,Misiones,"8,23","-27,3644","-55,9000","8,20","8,36"
2017,4,Misiones,"8,48","-27,3644","-55,9000","8,23","8,39"
2018,1,Misiones,"8,43","-27,3644","-55,9000","8,48","8,65"
2018,2,Misiones,"8,62","-27,3644","-55,9000","8,43","8,60"
2018,3,Misiones,"8,74","-27,3644","-55,9000","8,62","8,79"
2018,4,Misiones,"9,38","-27,3644","-55,9000","8,74","8,92"
2019,1,Misiones,"9,88","-27,3644","-55,9000","9,38","9,57"
2019,2,Misiones,"10,66","-27,3644","-55,9000","9,88","10,07"
2019,3,Misiones,"10,71","-27,3644","-55,9000","10,66","10,88"
2019,4,Misiones,"10,84","-27,3644","-55,9000","10,71","10,93"
2020,1,Misiones,"10,63","-27,3644","-55,9000","10,84","11,05"
2020,2,Misiones,"11,14","-27,3644","-55,9000","10,63","10,84"
2020,3,Misiones,"11,33","-27,3644","-55,9000","11,14","11,36"
2020,4,Misiones,"11,61","-27,3644","-55,9000","11,33","11,56"
2021,1,Misiones,"11,76","-27,3644","-55,9000","11,61","11,85"
2021,2,Misiones,"12,26","-27,3644","-55,9000","11,76","11,99"
2021,3,Misiones,"12,41","-27,3644","-55,9000","12,26","12,51"
2021,4,Misiones,"13,36","-27,3644","-55,9000","12,41","12,66"
2022,1,Misiones,"13,36","-27,3644","-55,9000","13,36","13,63"
2022,2,Misiones,"13,89","-27,3644","-55,9000","13,36","13,62"
2022,3,Misiones,"14,11","-27,3644","-55,9000","13,89","14,17"
2022,4,Misiones,"14,39","-27,3644","-55,9000","14,11","14,39"
2023,1,Misiones,"14,70","-27,3644","-55,9000","14,39","14,68"
2023,2,Misiones,"15,03","-27,3644","-55,9000","14,70","14,99"
2023,3,Misiones,"15,12","-27,3644","-55,9000","15,03","15,33"
2023,4,Misiones,"15,33","-27,3644","-55,9000","15,12","15,42"
2024,1,Misiones,"15,46","-27,3644","-55,9000","15,33","15,64"
2024,2,Misiones,"15,72","-27,3644","-55,9000","15,46","15,77"
2014,1,Neuquén,"14,88","-38,9516","-68,0591","0,00","0,00"
2014,2,Neuquén,"15,14","-38,9516","-68,0591","14,88","15,18"
2014,3,Neuquén,"16,73","-38,9516","-68,0591","15,14","15,44"
2014,4,Neuquén,"15,53","-38,9516","-68,0591","16,73","17,06"
2015,1,Neuquén,"15,53","-38,9516","-68,0591","15,53","15,84"
2015,2,Neuquén,"15,81","-38,9516","-68,0591","15,53","15,84"
2015,3,Neuquén,"16,20","-38,9516","-68,0591","15,81","16,13"
2015,4,Neuquén,"17,23","-38,9516","-68,0591","16,20","16,52"
2016,1,Neuquén,"16,66","-38,9516","-68,0591","17,23","17,57"
2016,2,Neuquén,"17,59","-38,9516","-68,0591","16,66","16,99"
2016,3,Neuquén,"17,86","-38,9516","-68,0591","17,59","17,95"
2016,4,Neuquén,"17,99","-38,9516","-68,0591","17,86","18,22"
2017,1,Neuquén,"18,17","-38,9516","-68,0591","17,99","18,35"
2017,2,Neuquén,"18,43","-38,9516","-68,0591","18,17","18,53"
2017,3,Neuquén,"18,11","-38,9516","-68,0591","18,43","18,80"
2017,4,Neuquén,"18,23","-38,9516","-68,0591","18,11","18,47"
2018,1,Neuquén,"18,31","-38,9516","-68,0591","18,23","18,60"
2018,2,Neuquén,"17,93","-38,9516","-68,0591","18,31","18,68"
2018,3,Neuquén,"18,01","-38,9516","-68,0591","17,93","18,29"
2018,4,Neuquén,"17,58","-38,9516","-68,0591","18,01","18,37"
2019,1,Neuquén,"17,53","-38,9516","-68,0591","17,58","17,94"
2019,2,Neuquén,"18,78","-38,9516","-68,0591","17,53","17,88"
2019,3,Neuquén,"19,09","-38,9516","-68,0591","18,78","19,15"
2019,4,Neuquén,"17,67","-38,9516","-68,0591","19,09","19,47"
2020,1,Neuquén,"18,41","-38,9516","-68,0591","17,67","18,02"
2020,2,Neuquén,"19,02","-38,9516","-68,0591","18,41","18,78"
2020,3,Neuquén,"19,42","-38,9516","-68,0591","19,02","19,40"
2020,4,Neuquén,"19,94","-38,9516","-68,0591","19,42","19,81"
2021,1,Neuquén,"19,90","-38,9516","-68,0591","19,94","20,34"
2021,2,Neuquén,"20,58","-38,9516","-68,0591","19,90","20,29"
2021,3,Neuquén,"20,75","-38,9516","-68,0591","20,58","20,99"
2021,4,Neuquén,"21,82","-38,9516","-68,0591","20,75","21,16"
2022,1,Neuquén,"22,08","-38,9516","-68,0591","21,82","22,25"
2022,2,Neuquén,"23,82","-38,9516","-68,0591","22,08","22,52"
2022,3,Neuquén,"23,92","-38,9516","-68,0591","23,82","24,29"
2022,4,Neuquén,"23,41","-38,9516","-68,0591","23,92","24,40"
2023,1,Neuquén,"23,38","-38,9516","-68,0591","23,41","23,88"
2023,2,Neuquén,"23,50","-38,9516","-68,0591","23,38","23,85"
2023,3,Neuquén,"23,80","-38,9516","-68,0591","23,50","23,97"
2023,4,Neuquén,"23,78","-38,9516","-68,0591","23,80","24,28"
2024,1,Neuquén,"23,66","-38,9516","-68,0591","23,78","24,26"
2024,2,Neuquén,"23,49","-38,9516","-68,0591","23,66","24,13"
2014,1,Río Negro,"13,87","-40,8135","-67,9665","0,00","0,00"
2014,2,Río Negro,"13,95","-40,8135","-67,9665","13,87","14,15"
2014,3,Río Negro,"14,16","-40,8135","-67,9665","13,95","14,23"
2014,4,Río Negro,"13,89","-40,8135","-67,9665","14,16","14,44"
2015,1,Río Negro,"13,99","-40,8135","-67,9665","13,89","14,17"
2015,2,Río Negro,"14,14","-40,8135","-67,9665","13,99","14,27"
2015,3,Río Negro,"14,22","-40,8135","-67,9665","14,14","14,43"
2015,4,Río Negro,"14,19","-40,8135","-67,9665","14,22","14,50"
2016,1,Río Negro,"14,15","-40,8135","-67,9665","14,19","14,47"
2016,2,Río Negro,"14,22","-40,8135","-67,9665","14,15","14,43"
2016,3,Río Negro,"14,22","-40,8135","-67,9665","14,22","14,51"
2016,4,Río Negro,"14,17","-40,8135","-67,9665","14,22","14,50"
2017,1,Río Negro,"14,16","-40,8135","-67,9665","14,17","14,45"
2017,2,Río Negro,"14,16","-40,8135","-67,9665","14,16","14,44"
2017,3,Río Negro,"14,92","-40,8135","-67,9665","14,16","14,44"
2017,4,Río Negro,"15,19","-40,8135","-67,9665","14,92","15,22"
2018,1,Río Negro,"15,32","-40,8135","-67,9665","15,19","15,49"
2018,2,Río Negro,"15,43","-40,8135","-67,9665","15,32","15,63"
2018,3,Río Negro,"15,55","-40,8135","-67,9665","15,43","15,73"
2018,4,Río Negro,"15,95","-40,8135","-67,9665","15,55","15,86"
2019,1,Río Negro,"16,48","-40,8135","-67,9665","15,95","16,27"
2019,2,Río Negro,"18,79","-40,8135","-67,9665","16,48","16,81"
2019,3,Río Negro,"19,51","-40,8135","-67,9665","18,79","19,17"
2019,4,Río Negro,"17,13","-40,8135","-67,9665","19,51","19,90"
2020,1,Río Negro,"16,95","-40,8135","-67,9665","17,13","17,48"
2020,2,Río Negro,"17,34","-40,8135","-67,9665","16,95","17,29"
2020,3,Río Negro,"17,55","-40,8135","-67,9665","17,34","17,69"
2020,4,Río Negro,"18,79","-40,8135","-67,9665","17,55","17,90"
2021,1,Río Negro,"18,72","-40,8135","-67,9665","18,79","19,17"
2021,2,Río Negro,"19,05","-40,8135","-67,9665","18,72","19,10"
2021,3,Río Negro,"19,06","-40,8135","-67,9665","19,05","19,43"
2021,4,Río Negro,"20,21","-40,8135","-67,9665","19,06","19,44"
2022,1,Río Negro,"20,62","-40,8135","-67,9665","20,21","20,61"
2022,2,Río Negro,"20,87","-40,8135","-67,9665","20,62","21,03"
2022,3,Río Negro,"20,91","-40,8135","-67,9665","20,87","21,28"
2022,4,Río Negro,"21,04","-40,8135","-67,9665","20,91","21,33"
2023,1,Río Negro,"21,27","-40,8135","-67,9665","21,04","21,46"
2023,2,Río Negro,"21,09","-40,8135","-67,9665","21,27","21,70"
2023,3,Río Negro,"21,04","-40,8135","-67,9665","21,09","21,51"
2023,4,Río Negro,"21,61","-40,8135","-67,9665","21,04","21,46"
2024,1,Río Negro,"21,88","-40,8135","-67,9665","21,61","22,04"
2024,2,Río Negro,"21,95","-40,8135","-67,9665","21,88","22,32"
2014,2,Salta,"7,00","-24,7821","-65,4232","0,00","0,00"
2014,3,Salta,"7,05","-24,7821","-65,4232","7,00","7,14"
2014,4,Salta,"7,10","-24,7821","-65,4232","7,05","7,19"
2015,1,Salta,"7,29","-24,7821","-65,4232","7,10","7,25"
2015,2,Salta,"7,38","-24,7821","-65,4232","7,29","7,44"
2015,3,Salta,"7,53","-24,7821","-65,4232","7,38","7,53"
2015,4,Salta,"7,60","-24,7821","-65,4232","7,53","7,68"
2016,1,Salta,"7,61","-24,7821","-65,4232","7,60","7,75"
2016,2,Salta,"7,77","-24,7821","-65,4232","7,61","7,76"
2016,3,Salta,"7,96","-24,7821","-65,4232","7,77","7,93"
2016,4,Salta,"7,87","-24,7821","-65,4232","7,96","8,11"
2017,1,Salta,"7,89","-24,7821","-65,4232","7,87","8,02"
2017,2,Salta,"7,93","-24,7821","-65,4232","7,89","8,05"
2017,3,Salta,"9,65","-24,7821","-65,4232","7,93","8,09"
2017,4,Salta,"9,64","-24,7821","-65,4232","9,65","9,84"
2018,1,Salta,"9,63","-24,7821","-65,4232","9,64","9,83"
2018,2,Salta,"9,67","-24,7821","-65,4232","9,63","9,83"
2018,3,Salta,"9,55","-24,7821","-65,4232","9,67","9,87"
2018,4,Salta,"9,64","-24,7821","-65,4232","9,55","9,74"
2019,1,Salta,"9,71","-24,7821","-65,4232","9,64","9,83"
2019,2,Salta,"10,15","-24,7821","-65,4232","9,71","9,91"
2019,3,Salta,"10,77","-24,7821","-65,4232","10,15","10,35"
2019,4,Salta,"12,20","-24,7821","-65,4232","10,77","10,99"
2020,1,Salta,"12,01","-24,7821","-65,4232","12,20","12,44"
2020,2,Salta,"12,49","-24,7821","-65,4232","12,01","12,25"
2020,3,Salta,"12,67","-24,7821","-65,4232","12,49","12,74"
2020,4,Salta,"13,09","-24,7821","-65,4232","12,67","12,92"
2021,1,Salta,"13,06","-24,7821","-65,4232","13,09","13,35"
2021,2,Salta,"13,30","-24,7821","-65,4232","13,06","13,32"
2021,3,Salta,"13,55","-24,7821","-65,4232","13,30","13,57"
2021,4,Salta,"13,76","-24,7821","-65,4232","13,55","13,82"
2022,1,Salta,"13,59","-24,7821","-65,4232","13,76","14,03"
2022,2,Salta,"13,94","-24,7821","-65,4232","13,59","13,86"
2022,3,Salta,"13,99","-24,7821","-65,4232","13,94","14,21"
2022,4,Salta,"14,04","-24,7821","-65,4232","13,99","14,27"
2023,1,Salta,"13,97","-24,7821","-65,4232","14,04","14,32"
2023,2,Salta,"13,92","-24,7821","-65,4232","13,97","14,25"
2023,3,Salta,"13,94","-24,7821","-65,4232","13,92","14,20"
2023,4,Salta,"13,80","-24,7821","-65,4232","13,94","14,22"
2024,1,Salta,"13,63","-24,7821","-65,4232","13,80","14,08"
2024,2,Salta,"13,49","-24,7821","-65,4232","13,63","13,90"
2014,2,San Juan,"7,08","-31,5275","-68,5386","0,00","0,00"
2014,3,San Juan,"7,08","-31,5275","-68,5386","7,08","7,22"
2014,4,San Juan,"7,10","-31,5275","-68,5386","7,08","7,22"
2015,1,San Juan,"7,04","-31,5275","-68,5386","7,10","7,24"
2015,2,San Juan,"7,04","-31,5275","-68,5386","7,04","7,18"
2015,3,San Juan,"7,03","-31,5275","-68,5386","7,04","7,18"
2015,4,San Juan,"7,01","-31,5275","-68,5386","7,03","7,17"
2016,1,San Juan,"6,98","-31,5275","-68,5386","7,01","7,15"
2016,2,San Juan,"6,96","-31,5275","-68,5386","6,98","7,12"
2016,3,San Juan,"6,94","-31,5275","-68,5386","6,96","7,10"
2016,4,San Juan,"6,91","-31,5275","-68,5386","6,94","7,08"
2017,1,San Juan,"6,89","-31,5275","-68,5386","6,91","7,05"
2017,2,San Juan,"6,87","-31,5275","-68,5386","6,89","7,03"
2017,3,San Juan,"8,25","-31,5275","-68,5386","6,87","7,01"
2017,4,San Juan,"7,72","-31,5275","-68,5386","8,25","8,41"
2018,1,San Juan,"8,31","-31,5275","-68,5386","7,72","7,87"
2018,2,San Juan,"8,39","-31,5275","-68,5386","8,31","8,47"
2018,3,San Juan,"8,42","-31,5275","-68,5386","8,39","8,56"
2018,4,San Juan,"8,13","-31,5275","-68,5386","8,42","8,59"
2019,1,San Juan,"8,11","-31,5275","-68,5386","8,13","8,29"
2019,2,San Juan,"9,07","-31,5275","-68,5386","8,11","8,27"
2019,3,San Juan,"9,44","-31,5275","-68,5386","9,07","9,25"
2019,4,San Juan,"8,37","-31,5275","-68,5386","9,44","9,63"
2020,1,San Juan,"8,25","-31,5275","-68,5386","8,37","8,54"
2020,2,San Juan,"8,94","-31,5275","-68,5386","8,25","8,42"
2020,3,San Juan,"9,88","-31,5275","-68,5386","8,94","9,12"
2020,4,San Juan,"9,25","-31,5275","-68,5386","9,88","10,08"
2021,1,San Juan,"9,95","-31,5275","-68,5386","9,25","9,44"
2021,2,San Juan,"10,01","-31,5275","-68,5386","9,95","10,15"
2021,3,San Juan,"10,05","-31,5275","-68,5386","10,01","10,21"
2021,4,San Juan,"10,08","-31,5275","-68,5386","10,05","10,25"
2022,1,San Juan,"11,09","-31,5275","-68,5386","10,08","10,29"
2022,2,San Juan,"12,60","-31,5275","-68,5386","11,09","11,31"
2022,3,San Juan,"12,94","-31,5275","-68,5386","12,60","12,85"
2022,4,San Juan,"12,96","-31,5275","-68,5386","12,94","13,20"
2023,1,San Juan,"12,67","-31,5275","-68,5386","12,96","13,22"
2023,2,San Juan,"12,10","-31,5275","-68,5386","12,67","12,92"
2023,3,San Juan,"12,85","-31,5275","-68,5386","12,10","12,34"
2023,4,San Juan,"12,75","-31,5275","-68,5386","12,85","13,11"
2024,1,San Juan,"13,15","-31,5275","-68,5386","12,75","13,01"
2024,2,San Juan,"13,03","-31,5275","-68,5386","13,15","13,41"
2014,2,San Luis,"2,78","-33,3018","-66,3378","0,00","0,00"
2014,3,San Luis,"2,77","-33,3018","-66,3378","2,78","2,84"
2014,4,San Luis,"2,78","-33,3018","-66,3378","2,77","2,83"
2015,1,San Luis,"2,79","-33,3018","-66,3378","2,78","2,84"
2015,2,San Luis,"2,78","-33,3018","-66,3378","2,79","2,85"
2015,3,San Luis,"2,77","-33,3018","-66,3378","2,78","2,83"
2015,4,San Luis,"2,76","-33,3018","-66,3378","2,77","2,82"
2016,1,San Luis,"2,75","-33,3018","-66,3378","2,76","2,81"
2016,2,San Luis,"2,75","-33,3018","-66,3378","2,75","2,81"
2016,3,San Luis,"2,75","-33,3018","-66,3378","2,75","2,80"
2016,4,San Luis,"2,74","-33,3018","-66,3378","2,75","2,80"
2017,1,San Luis,"2,73","-33,3018","-66,3378","2,74","2,80"
2017,2,San Luis,"2,72","-33,3018","-66,3378","2,73","2,79"
2017,3,San Luis,"4,43","-33,3018","-66,3378","2,72","2,78"
2017,4,San Luis,"3,03","-33,3018","-66,3378","4,43","4,52"
2018,1,San Luis,"4,34","-33,3018","-66,3378","3,03","3,09"
2018,2,San Luis,"4,34","-33,3018","-66,3378","4,34","4,42"
2018,3,San Luis,"14,98","-33,3018","-66,3378","4,34","4,42"
2018,4,San Luis,"19,33","-33,3018","-66,3378","14,98","15,28"
2019,1,San Luis,"19,27","-33,3018","-66,3378","19,33","19,72"
2019,2,San Luis,"23,41","-33,3018","-66,3378","19,27","19,66"
2019,3,San Luis,"24,39","-33,3018","-66,3378","23,41","23,88"
2019,4,San Luis,"21,44","-33,3018","-66,3378","24,39","24,88"
2020,1,San Luis,"21,84","-33,3018","-66,3378","21,44","21,87"
2020,2,San Luis,"22,44","-33,3018","-66,3378","21,84","22,28"
2020,3,San Luis,"22,88","-33,3018","-66,3378","22,44","22,89"
2020,4,San Luis,"23,38","-33,3018","-66,3378","22,88","23,34"
2021,1,San Luis,"23,25","-33,3018","-66,3378","23,38","23,84"
2021,2,San Luis,"23,89","-33,3018","-66,3378","23,25","23,71"
2021,3,San Luis,"22,86","-33,3018","-66,3378","23,89","24,37"
2021,4,San Luis,"22,98","-33,3018","-66,3378","22,86","23,31"
2022,1,San Luis,"23,10","-33,3018","-66,3378","22,98","23,44"
2022,2,San Luis,"23,40","-33,3018","-66,3378","23,10","23,56"
2022,3,San Luis,"23,39","-33,3018","-66,3378","23,40","23,86"
2022,4,San Luis,"25,83","-33,3018","-66,3378","23,39","23,86"
2023,1,San Luis,"25,80","-33,3018","-66,3378","25,83","26,35"
2023,2,San Luis,"26,73","-33,3018","-66,3378","25,80","26,32"
2023,3,San Luis,"28,20","-33,3018","-66,3378","26,73","27,26"
2023,4,San Luis,"29,21","-33,3018","-66,3378","28,20","28,76"
2024,1,San Luis,"29,39","-33,3018","-66,3378","29,21","29,79"
2024,2,San Luis,"29,59","-33,3018","-66,3378","29,39","29,98"
2014,2,Santa Cruz,"8,74","-48,7834","-69,9335","0,00","0,00"
2014,3,Santa Cruz,"8,34","-48,7834","-69,9335","8,74","8,92"
2014,4,Santa Cruz,"8,16","-48,7834","-69,9335","8,34","8,51"
2015,1,Santa Cruz,"8,39","-48,7834","-69,9335","8,16","8,32"
2015,2,Santa Cruz,"8,06","-48,7834","-69,9335","8,39","8,56"
2015,3,Santa Cruz,"8,16","-48,7834","-69,9335","8,06","8,22"
2015,4,Santa Cruz,"8,14","-48,7834","-69,9335","8,16","8,32"
2016,1,Santa Cruz,"8,05","-48,7834","-69,9335","8,14","8,31"
2016,2,Santa Cruz,"7,96","-48,7834","-69,9335","8,05","8,21"
2016,3,Santa Cruz,"7,93","-48,7834","-69,9335","7,96","8,11"
2016,4,Santa Cruz,"7,94","-48,7834","-69,9335","7,93","8,09"
2017,1,Santa Cruz,"7,89","-48,7834","-69,9335","7,94","8,10"
2017,2,Santa Cruz,"7,81","-48,7834","-69,9335","7,89","8,05"
2017,3,Santa Cruz,"9,91","-48,7834","-69,9335","7,81","7,97"
2017,4,Santa Cruz,"8,60","-48,7834","-69,9335","9,91","10,11"
2018,1,Santa Cruz,"9,98","-48,7834","-69,9335","8,60","8,78"
2018,2,Santa Cruz,"9,92","-48,7834","-69,9335","9,98","10,18"
2018,3,Santa Cruz,"9,74","-48,7834","-69,9335","9,92","10,12"
2018,4,Santa Cruz,"7,05","-48,7834","-69,9335","9,74","9,93"
2019,1,Santa Cruz,"7,04","-48,7834","-69,9335","7,05","7,19"
2019,2,Santa Cruz,"8,58","-48,7834","-69,9335","7,04","7,18"
2019,3,Santa Cruz,"10,60","-48,7834","-69,9335","8,58","8,76"
2019,4,Santa Cruz,"10,92","-48,7834","-69,9335","10,60","10,81"
2020,1,Santa Cruz,"10,70","-48,7834","-69,9335","10,92","11,14"
2020,2,Santa Cruz,"10,65","-48,7834","-69,9335","10,70","10,92"
2020,3,Santa Cruz,"10,70","-48,7834","-69,9335","10,65","10,86"
2020,4,Santa Cruz,"11,01","-48,7834","-69,9335","10,70","10,91"
2021,1,Santa Cruz,"12,39","-48,7834","-69,9335","11,01","11,23"
2021,2,Santa Cruz,"13,10","-48,7834","-69,9335","12,39","12,64"
2021,3,Santa Cruz,"13,02","-48,7834","-69,9335","13,10","13,36"
2021,4,Santa Cruz,"12,81","-48,7834","-69,9335","13,02","13,28"
2022,1,Santa Cruz,"12,89","-48,7834","-69,9335","12,81","13,06"
2022,2,Santa Cruz,"12,84","-48,7834","-69,9335","12,89","13,15"
2022,3,Santa Cruz,"12,85","-48,7834","-69,9335","12,84","13,10"
2022,4,Santa Cruz,"12,95","-48,7834","-69,9335","12,85","13,11"
2023,1,Santa Cruz,"12,92","-48,7834","-69,9335","12,95","13,21"
2023,2,Santa Cruz,"12,39","-48,7834","-69,9335","12,92","13,18"
2023,3,Santa Cruz,"12,17","-48,7834","-69,9335","12,39","12,64"
2023,4,Santa Cruz,"21,94","-48,7834","-69,9335","12,17","12,41"
2024,1,Santa Cruz,"20,10","-48,7834","-69,9335","21,94","22,38"
2024,2,Santa Cruz,"20,80","-48,7834","-69,9335","20,10","20,50"
2014,2,Santa Fe,"15,22","-31,6333","-60,7000","0,00","0,00"
2014,3,Santa Fe,"15,44","-31,6333","-60,7000","15,22","15,52"
2014,4,Santa Fe,"15,66","-31,6333","-60,7000","15,44","15,75"
2015,1,Santa Fe,"15,83","-31,6333","-60,7000","15,66","15,97"
2015,2,Santa Fe,"16,09","-31,6333","-60,7000","15,83","16,15"
2015,3,Santa Fe,"16,36","-31,6333","-60,7000","16,09","16,41"
2015,4,Santa Fe,"16,47","-31,6333","-60,7000","16,36","16,69"
2016,1,Santa Fe,"16,16","-31,6333","-60,7000","16,47","16,80"
2016,2,Santa Fe,"16,49","-31,6333","-60,7000","16,16","16,48"
2016,3,Santa Fe,"16,53","-31,6333","-60,7000","16,49","16,82"
2016,4,Santa Fe,"16,35","-31,6333","-60,7000","16,53","16,86"
2017,1,Santa Fe,"16,34","-31,6333","-60,7000","16,35","16,67"
2017,2,Santa Fe,"16,44","-31,6333","-60,7000","16,34","16,67"
2017,3,Santa Fe,"19,15","-31,6333","-60,7000","16,44","16,77"
2017,4,Santa Fe,"19,41","-31,6333","-60,7000","19,15","19,54"
2018,1,Santa Fe,"19,58","-31,6333","-60,7000","19,41","19,79"
2018,2,Santa Fe,"19,68","-31,6333","-60,7000","19,58","19,98"
2018,3,Santa Fe,"19,94","-31,6333","-60,7000","19,68","20,07"
2018,4,Santa Fe,"20,62","-31,6333","-60,7000","19,94","20,34"
2019,1,Santa Fe,"21,06","-31,6333","-60,7000","20,62","21,04"
2019,2,Santa Fe,"21,20","-31,6333","-60,7000","21,06","21,48"
2019,3,Santa Fe,"21,66","-31,6333","-60,7000","21,20","21,63"
2019,4,Santa Fe,"21,85","-31,6333","-60,7000","21,66","22,09"
2020,1,Santa Fe,"21,86","-31,6333","-60,7000","21,85","22,29"
2020,2,Santa Fe,"22,01","-31,6333","-60,7000","21,86","22,30"
2020,3,Santa Fe,"22,68","-31,6333","-60,7000","22,01","22,45"
2020,4,Santa Fe,"23,14","-31,6333","-60,7000","22,68","23,13"
2021,1,Santa Fe,"23,24","-31,6333","-60,7000","23,14","23,60"
2021,2,Santa Fe,"23,60","-31,6333","-60,7000","23,24","23,71"
2021,3,Santa Fe,"23,59","-31,6333","-60,7000","23,60","24,08"
2021,4,Santa Fe,"24,24","-31,6333","-60,7000","23,59","24,06"
2022,1,Santa Fe,"24,31","-31,6333","-60,7000","24,24","24,72"
2022,2,Santa Fe,"24,50","-31,6333","-60,7000","24,31","24,79"
2022,3,Santa Fe,"24,70","-31,6333","-60,7000","24,50","24,99"
2022,4,Santa Fe,"24,65","-31,6333","-60,7000","24,70","25,19"
2023,1,Santa Fe,"24,57","-31,6333","-60,7000","24,65","25,14"
2023,2,Santa Fe,"24,79","-31,6333","-60,7000","24,57","25,06"
2023,3,Santa Fe,"24,87","-31,6333","-60,7000","24,79","25,29"
2023,4,Santa Fe,"25,08","-31,6333","-60,7000","24,87","25,37"
2024,1,Santa Fe,"25,28","-31,6333","-60,7000","25,08","25,58"
2024,2,Santa Fe,"25,58","-31,6333","-60,7000","25,28","25,79"
2014,2,Santiago Del Estero,"4,14","-27,7834","-64,2642","0,00","0,00"
2014,3,Santiago Del Estero,"4,08","-27,7834","-64,2642","4,14","4,23"
2014,4,Santiago Del Estero,"4,26","-27,7834","-64,2642","4,08","4,16"
2015,1,Santiago Del Estero,"4,24","-27,7834","-64,2642","4,26","4,35"
2015,2,Santiago Del Estero,"4,25","-27,7834","-64,2642","4,24","4,33"
2015,3,Santiago Del Estero,"4,24","-27,7834","-64,2642","4,25","4,33"
2015,4,Santiago Del Estero,"4,20","-27,7834","-64,2642","4,24","4,32"
2016,1,Santiago Del Estero,"4,03","-27,7834","-64,2642","4,20","4,28"
2016,2,Santiago Del Estero,"3,94","-27,7834","-64,2642","4,03","4,11"
2016,3,Santiago Del Estero,"3,79","-27,7834","-64,2642","3,94","4,02"
2016,4,Santiago Del Estero,"3,72","-27,7834","-64,2642","3,79","3,87"
2017,1,Santiago Del Estero,"3,65","-27,7834","-64,2642","3,72","3,79"
2017,2,Santiago Del Estero,"3,50","-27,7834","-64,2642","3,65","3,72"
2017,3,Santiago Del Estero,"8,72","-27,7834","-64,2642","3,50","3,57"
2017,4,Santiago Del Estero,"7,23","-27,7834","-64,2642","8,72","8,89"
2018,1,Santiago Del Estero,"8,68","-27,7834","-64,2642","7,23","7,37"
2018,2,Santiago Del Estero,"8,75","-27,7834","-64,2642","8,68","8,86"
2018,3,Santiago Del Estero,"9,00","-27,7834","-64,2642","8,75","8,93"
2018,4,Santiago Del Estero,"9,28","-27,7834","-64,2642","9,00","9,18"
2019,1,Santiago Del Estero,"9,31","-27,7834","-64,2642","9,28","9,47"
2019,2,Santiago Del Estero,"13,10","-27,7834","-64,2642","9,31","9,50"
2019,3,Santiago Del Estero,"13,73","-27,7834","-64,2642","13,10","13,36"
2019,4,Santiago Del Estero,"10,65","-27,7834","-64,2642","13,73","14,00"
2020,1,Santiago Del Estero,"10,54","-27,7834","-64,2642","10,65","10,87"
2020,2,Santiago Del Estero,"10,79","-27,7834","-64,2642","10,54","10,75"
2020,3,Santiago Del Estero,"10,76","-27,7834","-64,2642","10,79","11,00"
2020,4,Santiago Del Estero,"10,86","-27,7834","-64,2642","10,76","10,98"
2021,1,Santiago Del Estero,"11,33","-27,7834","-64,2642","10,86","11,07"
2021,2,Santiago Del Estero,"11,55","-27,7834","-64,2642","11,33","11,56"
2021,3,Santiago Del Estero,"11,66","-27,7834","-64,2642","11,55","11,79"
2021,4,Santiago Del Estero,"11,68","-27,7834","-64,2642","11,66","11,89"
2022,1,Santiago Del Estero,"11,71","-27,7834","-64,2642","11,68","11,91"
2022,2,Santiago Del Estero,"11,84","-27,7834","-64,2642","11,71","11,94"
2022,3,Santiago Del Estero,"11,91","-27,7834","-64,2642","11,84","12,07"
2022,4,Santiago Del Estero,"11,92","-27,7834","-64,2642","11,91","12,15"
2023,1,Santiago Del Estero,"11,80","-27,7834","-64,2642","11,92","12,16"
2023,2,Santiago Del Estero,"11,70","-27,7834","-64,2642","11,80","12,04"
2023,3,Santiago Del Estero,"12,08","-27,7834","-64,2642","11,70","11,93"
2023,4,Santiago Del Estero,"12,18","-27,7834","-64,2642","12,08","12,32"
2024,1,Santiago Del Estero,"12,26","-27,7834","-64,2642","12,18","12,42"
2024,2,Santiago Del Estero,"12,33","-27,7834","-64,2642","12,26","12,51"
2014,2,Tierra Del Fuego,"19,09","-54,8019","-68,3029","0,00","0,00"
2014,3,Tierra Del Fuego,"19,34","-54,8019","-68,3029","19,09","19,47"
2014,4,Tierra Del Fuego,"19,34","-54,8019","-68,3029","19,34","19,73"
2015,1,Tierra Del Fuego,"22,17","-54,8019","-68,3029","19,34","19,73"
2015,2,Tierra Del Fuego,"22,10","-54,8019","-68,3029","22,17","22,61"
2015,3,Tierra Del Fuego,"22,05","-54,8019","-68,3029","22,10","22,54"
2015,4,Tierra Del Fuego,"19,44","-54,8019","-68,3029","22,05","22,49"
2016,1,Tierra Del Fuego,"19,65","-54,8019","-68,3029","19,44","19,83"
2016,2,Tierra Del Fuego,"20,08","-54,8019","-68,3029","19,65","20,05"
2016,3,Tierra Del Fuego,"20,31","-54,8019","-68,3029","20,08","20,48"
2016,4,Tierra Del Fuego,"20,57","-54,8019","-68,3029","20,31","20,71"
2017,1,Tierra Del Fuego,"20,44","-54,8019","-68,3029","20,57","20,98"
2017,2,Tierra Del Fuego,"20,30","-54,8019","-68,3029","20,44","20,84"
2017,3,Tierra Del Fuego,"19,49","-54,8019","-68,3029","20,30","20,71"
2017,4,Tierra Del Fuego,"17,76","-54,8019","-68,3029","19,49","19,88"
2018,1,Tierra Del Fuego,"19,33","-54,8019","-68,3029","17,76","18,11"
2018,2,Tierra Del Fuego,"27,16","-54,8019","-68,3029","19,33","19,72"
2018,3,Tierra Del Fuego,"27,51","-54,8019","-68,3029","27,16","27,71"
2018,4,Tierra Del Fuego,"27,75","-54,8019","-68,3029","27,51","28,06"
2019,1,Tierra Del Fuego,"27,68","-54,8019","-68,3029","27,75","28,30"
2019,2,Tierra Del Fuego,"28,11","-54,8019","-68,3029","27,68","28,24"
2019,3,Tierra Del Fuego,"28,60","-54,8019","-68,3029","28,11","28,67"
2019,4,Tierra Del Fuego,"23,63","-54,8019","-68,3029","28,60","29,17"
2020,1,Tierra Del Fuego,"22,55","-54,8019","-68,3029","23,63","24,10"
2020,2,Tierra Del Fuego,"22,64","-54,8019","-68,3029","22,55","23,00"
2020,3,Tierra Del Fuego,"22,77","-54,8019","-68,3029","22,64","23,10"
2020,4,Tierra Del Fuego,"22,61","-54,8019","-68,3029","22,77","23,23"
2021,1,Tierra Del Fuego,"22,93","-54,8019","-68,3029","22,61","23,06"
2021,2,Tierra Del Fuego,"20,13","-54,8019","-68,3029","22,93","23,39"
2021,3,Tierra Del Fuego,"28,15","-54,8019","-68,3029","20,13","20,53"
2021,4,Tierra Del Fuego,"29,17","-54,8019","-68,3029","28,15","28,71"
2022,1,Tierra Del Fuego,"29,14","-54,8019","-68,3029","29,17","29,75"
2022,2,Tierra Del Fuego,"29,60","-54,8019","-68,3029","29,14","29,72"
2022,3,Tierra Del Fuego,"29,50","-54,8019","-68,3029","29,60","30,20"
2022,4,Tierra Del Fuego,"30,07","-54,8019","-68,3029","29,50","30,09"
2023,1,Tierra Del Fuego,"30,90","-54,8019","-68,3029","30,07","30,67"
2023,2,Tierra Del Fuego,"31,54","-54,8019","-68,3029","30,90","31,52"
2023,3,Tierra Del Fuego,"31,41","-54,8019","-68,3029","31,54","32,17"
2023,4,Tierra Del Fuego,"32,75","-54,8019","-68,3029","31,41","32,04"
2024,1,Tierra Del Fuego,"32,54","-54,8019","-68,3029","32,75","33,41"
2024,2,Tierra Del Fuego,"32,28","-54,8019","-68,3029","32,54","33,19"
2014,2,Tucumán,"8,41","-26,8241","-65,2226","0,00","0,00"
2014,3,Tucumán,"8,38","-26,8241","-65,2226","8,41","8,58"
2014,4,Tucumán,"8,69","-26,8241","-65,2226","8,38","8,55"
2015,1,Tucumán,"8,72","-26,8241","-65,2226","8,69","8,87"
2015,2,Tucumán,"8,84","-26,8241","-65,2226","8,72","8,89"
2015,3,Tucumán,"9,04","-26,8241","-65,2226","8,84","9,02"
2015,4,Tucumán,"9,12","-26,8241","-65,2226","9,04","9,22"
2016,1,Tucumán,"9,13","-26,8241","-65,2226","9,12","9,31"
2016,2,Tucumán,"9,22","-26,8241","-65,2226","9,13","9,31"
2016,3,Tucumán,"9,36","-26,8241","-65,2226","9,22","9,41"
2016,4,Tucumán,"9,35","-26,8241","-65,2226","9,36","9,55"
2017,1,Tucumán,"9,39","-26,8241","-65,2226","9,35","9,54"
2017,2,Tucumán,"9,46","-26,8241","-65,2226","9,39","9,58"
2017,3,Tucumán,"9,83","-26,8241","-65,2226","9,46","9,65"
2017,4,Tucumán,"9,88","-26,8241","-65,2226","9,83","10,03"
2018,1,Tucumán,"10,20","-26,8241","-65,2226","9,88","10,08"
2018,2,Tucumán,"10,28","-26,8241","-65,2226","10,20","10,40"
2018,3,Tucumán,"10,33","-26,8241","-65,2226","10,28","10,49"
2018,4,Tucumán,"10,34","-26,8241","-65,2226","10,33","10,53"
2019,1,Tucumán,"10,31","-26,8241","-65,2226","10,34","10,55"
2019,2,Tucumán,"9,94","-26,8241","-65,2226","10,31","10,52"
2019,3,Tucumán,"9,78","-26,8241","-65,2226","9,94","10,14"
2019,4,Tucumán,"11,80","-26,8241","-65,2226","9,78","9,98"
2020,1,Tucumán,"11,85","-26,8241","-65,2226","11,80","12,04"
2020,2,Tucumán,"12,83","-26,8241","-65,2226","11,85","12,09"
2020,3,Tucumán,"13,18","-26,8241","-65,2226","12,83","13,08"
2020,4,Tucumán,"13,57","-26,8241","-65,2226","13,18","13,45"
2021,1,Tucumán,"13,58","-26,8241","-65,2226","13,57","13,84"
2021,2,Tucumán,"13,61","-26,8241","-65,2226","13,58","13,85"
2021,3,Tucumán,"13,53","-26,8241","-65,2226","13,61","13,88"
2021,4,Tucumán,"13,85","-26,8241","-65,2226","13,53","13,80"
2022,1,Tucumán,"14,22","-26,8241","-65,2226","13,85","14,13"
2022,2,Tucumán,"14,69","-26,8241","-65,2226","14,22","14,50"
2022,3,Tucumán,"15,14","-26,8241","-65,2226","14,69","14,99"
2022,4,Tucumán,"15,12","-26,8241","-65,2226","15,14","15,44"
2023,1,Tucumán,"14,95","-26,8241","-65,2226","15,12","15,42"
2023,2,Tucumán,"15,05","-26,8241","-65,2226","14,95","15,25"
2023,3,Tucumán,"15,17","-26,8241","-65,2226","15,05","15,35"
2023,4,Tucumán,"15,12","-26,8241","-65,2226","15,17","15,47"
2024,1,Tucumán,"14,98","-26,8241","-65,2226","15,12","15,42"
2024,2,Tucumán,"15,07","-26,8241","-65,2226","14,98","15,28"
