Año,Trimestre,Provincia,Mbps,Latitud,Longitud,Meta Mbps
2014,1,Buenos Aires,"3,73","-36,6769","-60,5588","0,00"
2014,2,Buenos Aires,"3,85","-36,6769","-60,5588","3,81"
2014,3,Buenos Aires,"3,97","-36,6769","-60,5588","3,93"
2014,4,Buenos Aires,"4,20","-36,6769","-60,5588","4,05"
2015,1,Buenos Aires,"4,32","-36,6769","-60,5588","4,28"
2015,2,Buenos Aires,"4,46","-36,6769","-60,5588","4,41"
2015,3,Buenos Aires,"4,70","-36,6769","-60,5588","4,55"
2015,4,Buenos Aires,"4,88","-36,6769","-60,5588","4,79"
2016,1,Buenos Aires,"4,99","-36,6769","-60,5588","4,98"
2016,2,Buenos Aires,"5,42","-36,6769","-60,5588","5,09"
2016,3,Buenos Aires,"5,91","-36,6769","-60,5588","5,52"
2016,4,Buenos Aires,"6,35","-36,6769","-60,5588","6,03"
2017,1,Buenos Aires,"6,68","-36,6769","-60,5588","6,48"
2017,2,Buenos Aires,"7,20","-36,6769","-60,5588","6,81"
2017,3,Buenos Aires,"8,43","-36,6769","-60,5588","7,34"
2017,4,Buenos Aires,"12,97","-36,6769","-60,5588","8,59"
2018,1,Buenos Aires,"14,20","-36,6769","-60,5588","13,23"
2018,2,Buenos Aires,"14,68","-36,6769","-60,5588","14,48"
2018,3,Buenos Aires,"16,78","-36,6769","-60,5588","14,97"
2018,4,Buenos Aires,"16,93","-36,6769","-60,5588","17,12"
2019,1,Buenos Aires,"19,64","-36,6769","-60,5588","17,27"
2019,2,Buenos Aires,"22,48","-36,6769","-60,5588","20,04"
2019,3,Buenos Aires,"25,68","-36,6769","-60,5588","22,93"
2019,4,Buenos Aires,"30,77","-36,6769","-60,5588","26,19"
2020,1,Buenos Aires,"45,18","-36,6769","-60,5588","31,39"
2020,2,Buenos Aires,"45,66","-36,6769","-60,5588","46,08"
2020,3,Buenos Aires,"48,38","-36,6769","-60,5588","46,58"
2020,4,Buenos Aires,"50,01","-36,6769","-60,5588","49,34"
2021,1,Buenos Aires,"50,79","-36,6769","-60,5588","51,01"
2021,2,Buenos Aires,"52,76","-36,6769","-60,5588","51,80"
2021,3,Buenos Aires,"56,26","-36,6769","-60,5588","53,81"
2021,4,Buenos Aires,"60,21","-36,6769","-60,5588","57,38"
2022,1,Buenos Aires,"62,51","-36,6769","-60,5588","61,41"
2022,2,Buenos Aires,"65,50","-36,6769","-60,5588","63,76"
2022,3,Buenos Aires,"70,19","-36,6769","-60,5588","66,81"
2022,4,Buenos Aires,"111,00","-36,6769","-60,5588","71,59"
2023,1,Buenos Aires,"116,18","-36,6769","-60,5588","113,22"
2023,2,Buenos Aires,"138,35","-36,6769","-60,5588","118,50"
2023,3,Buenos Aires,"146,84","-36,6769","-60,5588","141,12"
2023,4,Buenos Aires,"158,49","-36,6769","-60,5588","149,78"
2024,1,Buenos Aires,"159,13","-36,6769","-60,5588","161,66"
2024,2,Buenos Aires,"157,41","-36,6769","-60,5588","162,31"
2014,1,Capital Federal,"4,02","-34,6037","-58,3816","0,00"
2014,2,Capital Federal,"4,25","-34,6037","-58,3816","4,10"
2014,3,Capital Federal,"4,44","-34,6037","-58,3816","4,33"
2014,4,Capital Federal,"4,78","-34,6037","-58,3816","4,53"
2015,1,Capital Federal,"5,00","-34,6037","-58,3816","4,88"
2015,2,Capital Federal,"5,31","-34,6037","-58,3816","5,10"
2015,3,Capital Federal,"5,66","-34,6037","-58,3816","5,42"
2015,4,Capital Federal,"5,93","-34,6037","-58,3816","5,78"
2016,1,Capital Federal,"6,05","-34,6037","-58,3816","6,05"
2016,2,Capital Federal,"6,58","-34,6037","-58,3816","6,17"
2016,3,Capital Federal,"7,38","-34,6037","-58,3816","6,71"
2016,4,Capital Federal,"7,96","-34,6037","-58,3816","7,53"
2017,1,Capital Federal,"8,35","-34,6037","-58,3816","8,12"
2017,2,Capital Federal,"8,84","-34,6037","-58,3816","8,52"
2017,3,Capital Federal,"10,64","-34,6037","-58,3816","9,02"
2017,4,Capital Federal,"15,20","-34,6037","-58,3816","10,85"
2018,1,Capital Federal,"17,75","-34,6037","-58,3816","15,51"
2018,2,Capital Federal,"18,94","-34,6037","-58,3816","18,10"
2018,3,Capital Federal,"21,64","-34,6037","-58,3816","19,32"
2018,4,Capital Federal,"22,94","-34,6037","-58,3816","22,08"
2019,1,Capital Federal,"24,72","-34,6037","-58,3816","23,39"
2019,2,Capital Federal,"30,35","-34,6037","-58,3816","25,21"
2019,3,Capital Federal,"38,71","-34,6037","-58,3816","30,95"
2019,4,Capital Federal,"44,20","-34,6037","-58,3816","39,49"
2020,1,Capital Federal,"58,71","-34,6037","-58,3816","45,09"
2020,2,Capital Federal,"60,48","-34,6037","-58,3816","59,88"
2020,3,Capital Federal,"63,81","-34,6037","-58,3816","61,69"
2020,4,Capital Federal,"67,33","-34,6037","-58,3816","65,08"
2021,1,Capital Federal,"68,29","-34,6037","-58,3816","68,67"
2021,2,Capital Federal,"72,75","-34,6037","-58,3816","69,66"
2021,3,Capital Federal,"77,71","-34,6037","-58,3816","74,20"
2021,4,Capital Federal,"82,95","-34,6037","-58,3816","79,27"
2022,1,Capital Federal,"88,22","-34,6037","-58,3816","84,61"
2022,2,Capital Federal,"93,97","-34,6037","-58,3816","89,98"
2022,3,Capital Federal,"101,05","-34,6037","-58,3816","95,85"
2022,4,Capital Federal,"182,86","-34,6037","-58,3816","103,07"
2023,1,Capital Federal,"188,65","-34,6037","-58,3816","186,52"
2023,2,Capital Federal,"208,01","-34,6037","-58,3816","192,42"
2023,3,Capital Federal,"218,13","-34,6037","-58,3816","212,17"
2023,4,Capital Federal,"234,44","-34,6037","-58,3816","222,49"
2024,1,Capital Federal,"229,94","-34,6037","-58,3816","239,13"
2024,2,Capital Federal,"233,01","-34,6037","-58,3816","234,54"
2014,1,Catamarca,"2,80","-28,4696","-65,7795","0,00"
2014,2,Catamarca,"2,92","-28,4696","-65,7795","2,86"
2014,3,Catamarca,"2,92","-28,4696","-65,7795","2,97"
2014,4,Catamarca,"3,34","-28,4696","-65,7795","2,97"
2015,1,Catamarca,"3,48","-28,4696","-65,7795","3,40"
2015,2,Catamarca,"3,68","-28,4696","-65,7795","3,55"
2015,3,Catamarca,"3,88","-28,4696","-65,7795","3,76"
2015,4,Catamarca,"4,12","-28,4696","-65,7795","3,96"
2016,1,Catamarca,"4,20","-28,4696","-65,7795","4,21"
2016,2,Catamarca,"4,36","-28,4696","-65,7795","4,29"
2016,3,Catamarca,"4,73","-28,4696","-65,7795","4,45"
2016,4,Catamarca,"4,89","-28,4696","-65,7795","4,82"
2017,1,Catamarca,"4,97","-28,4696","-65,7795","4,98"
2017,2,Catamarca,"5,10","-28,4696","-65,7795","5,07"
2017,3,Catamarca,"5,26","-28,4696","-65,7795","5,20"
2017,4,Catamarca,"7,78","-28,4696","-65,7795","5,37"
2018,1,Catamarca,"8,20","-28,4696","-65,7795","7,94"
2018,2,Catamarca,"7,69","-28,4696","-65,7795","8,36"
2018,3,Catamarca,"7,81","-28,4696","-65,7795","7,85"
2018,4,Catamarca,"8,04","-28,4696","-65,7795","7,96"
2019,1,Catamarca,"7,96","-28,4696","-65,7795","8,20"
2019,2,Catamarca,"8,81","-28,4696","-65,7795","8,12"
2019,3,Catamarca,"9,29","-28,4696","-65,7795","8,99"
2019,4,Catamarca,"24,88","-28,4696","-65,7795","9,48"
2020,1,Catamarca,"29,13","-28,4696","-65,7795","25,38"
2020,2,Catamarca,"34,93","-28,4696","-65,7795","29,71"
2020,3,Catamarca,"36,54","-28,4696","-65,7795","35,62"
2020,4,Catamarca,"37,65","-28,4696","-65,7795","37,27"
2021,1,Catamarca,"39,97","-28,4696","-65,7795","38,40"
2021,2,Catamarca,"42,19","-28,4696","-65,7795","40,77"
2021,3,Catamarca,"43,43","-28,4696","-65,7795","43,03"
2021,4,Catamarca,"46,38","-28,4696","-65,7795","44,30"
2022,1,Catamarca,"51,22","-28,4696","-65,7795","47,31"
2022,2,Catamarca,"56,56","-28,4696","-65,7795","52,24"
2022,3,Catamarca,"60,99","-28,4696","-65,7795","57,69"
2022,4,Catamarca,"83,33","-28,4696","-65,7795","62,21"
2023,1,Catamarca,"87,41","-28,4696","-65,7795","85,00"
2023,2,Catamarca,"86,13","-28,4696","-65,7795","89,16"
2023,3,Catamarca,"87,90","-28,4696","-65,7795","87,85"
2023,4,Catamarca,"89,40","-28,4696","-65,7795","89,66"
2024,1,Catamarca,"91,45","-28,4696","-65,7795","91,19"
2024,2,Catamarca,"97,38","-28,4696","-65,7795","93,28"
2014,1,Chaco,"3,26","-27,4515","-58,9864","0,00"
2014,2,Chaco,"3,42","-27,4515","-58,9864","3,32"
2014,3,Chaco,"3,46","-27,4515","-58,9864","3,49"
2014,4,Chaco,"3,98","-27,4515","-58,9864","3,53"
2015,1,Chaco,"4,90","-27,4515","-58,9864","4,06"
2015,2,Chaco,"5,19","-27,4515","-58,9864","5,00"
2015,3,Chaco,"5,47","-27,4515","-58,9864","5,30"
2015,4,Chaco,"5,83","-27,4515","-58,9864","5,58"
2016,1,Chaco,"5,99","-27,4515","-58,9864","5,94"
2016,2,Chaco,"6,30","-27,4515","-58,9864","6,11"
2016,3,Chaco,"6,72","-27,4515","-58,9864","6,42"
2016,4,Chaco,"7,08","-27,4515","-58,9864","6,85"
2017,1,Chaco,"7,31","-27,4515","-58,9864","7,22"
2017,2,Chaco,"7,69","-27,4515","-58,9864","7,45"
2017,3,Chaco,"8,48","-27,4515","-58,9864","7,84"
2017,4,Chaco,"11,70","-27,4515","-58,9864","8,65"
2018,1,Chaco,"12,44","-27,4515","-58,9864","11,94"
2018,2,Chaco,"12,50","-27,4515","-58,9864","12,69"
2018,3,Chaco,"12,89","-27,4515","-58,9864","12,75"
2018,4,Chaco,"13,49","-27,4515","-58,9864","13,15"
2019,1,Chaco,"13,44","-27,4515","-58,9864","13,76"
2019,2,Chaco,"16,01","-27,4515","-58,9864","13,71"
2019,3,Chaco,"19,99","-27,4515","-58,9864","16,33"
2019,4,Chaco,"23,37","-27,4515","-58,9864","20,39"
2020,1,Chaco,"25,94","-27,4515","-58,9864","23,84"
2020,2,Chaco,"27,95","-27,4515","-58,9864","26,46"
2020,3,Chaco,"30,80","-27,4515","-58,9864","28,51"
2020,4,Chaco,"32,45","-27,4515","-58,9864","31,42"
2021,1,Chaco,"33,63","-27,4515","-58,9864","33,10"
2021,2,Chaco,"37,40","-27,4515","-58,9864","34,30"
2021,3,Chaco,"39,11","-27,4515","-58,9864","38,14"
2021,4,Chaco,"42,34","-27,4515","-58,9864","39,90"
2022,1,Chaco,"45,84","-27,4515","-58,9864","43,19"
2022,2,Chaco,"50,61","-27,4515","-58,9864","46,76"
2022,3,Chaco,"53,21","-27,4515","-58,9864","51,62"
2022,4,Chaco,"104,02","-27,4515","-58,9864","54,27"
2023,1,Chaco,"104,33","-27,4515","-58,9864","106,10"
2023,2,Chaco,"105,45","-27,4515","-58,9864","106,42"
2023,3,Chaco,"107,50","-27,4515","-58,9864","107,56"
2023,4,Chaco,"107,14","-27,4515","-58,9864","109,65"
2024,1,Chaco,"107,51","-27,4515","-58,9864","109,28"
2024,2,Chaco,"107,76","-27,4515","-58,9864","109,66"
2014,1,Chubut,"3,18","-43,3002","-65,1023","0,00"
2014,2,Chubut,"3,16","-43,3002","-65,1023","3,24"
2014,3,Chubut,"3,17","-43,3002","-65,1023","3,22"
2014,4,Chubut,"3,17","-43,3002","-65,1023","3,23"
2015,1,Chubut,"3,21","-43,3002","-65,1023","3,24"
2015,2,Chubut,"3,22","-43,3002","-65,1023","3,28"
2015,3,Chubut,"3,28","-43,3002","-65,1023","3,28"
2015,4,Chubut,"3,28","-43,3002","-65,1023","3,34"
2016,1,Chubut,"3,38","-43,3002","-65,1023","3,35"
2016,2,Chubut,"3,34","-43,3002","-65,1023","3,45"
2016,3,Chubut,"3,34","-43,3002","-65,1023","3,40"
2016,4,Chubut,"3,41","-43,3002","-65,1023","3,41"
2017,1,Chubut,"3,44","-43,3002","-65,1023","3,48"
2017,2,Chubut,"3,45","-43,3002","-65,1023","3,51"
2017,3,Chubut,"3,48","-43,3002","-65,1023","3,52"
2017,4,Chubut,"5,41","-43,3002","-65,1023","3,55"
2018,1,Chubut,"5,42","-43,3002","-65,1023","5,52"
2018,2,Chubut,"5,33","-43,3002","-65,1023","5,53"
2018,3,Chubut,"6,08","-43,3002","-65,1023","5,44"
2018,4,Chubut,"6,09","-43,3002","-65,1023","6,20"
2019,1,Chubut,"5,89","-43,3002","-65,1023","6,21"
2019,2,Chubut,"6,05","-43,3002","-65,1023","6,01"
2019,3,Chubut,"6,97","-43,3002","-65,1023","6,18"
2019,4,Chubut,"6,99","-43,3002","-65,1023","7,11"
2020,1,Chubut,"7,12","-43,3002","-65,1023","7,13"
2020,2,Chubut,"7,61","-43,3002","-65,1023","7,26"
2020,3,Chubut,"7,40","-43,3002","-65,1023","7,76"
2020,4,Chubut,"7,38","-43,3002","-65,1023","7,55"
2021,1,Chubut,"7,53","-43,3002","-65,1023","7,53"
2021,2,Chubut,"7,68","-43,3002","-65,1023","7,68"
2021,3,Chubut,"8,18","-43,3002","-65,1023","7,83"
2021,4,Chubut,"9,08","-43,3002","-65,1023","8,34"
2022,1,Chubut,"13,40","-43,3002","-65,1023","9,26"
2022,2,Chubut,"14,91","-43,3002","-65,1023","13,67"
2022,3,Chubut,"15,57","-43,3002","-65,1023","15,21"
2022,4,Chubut,"15,92","-43,3002","-65,1023","15,88"
2023,1,Chubut,"18,36","-43,3002","-65,1023","16,24"
2023,2,Chubut,"18,58","-43,3002","-65,1023","18,73"
2023,3,Chubut,"19,26","-43,3002","-65,1023","18,95"
2023,4,Chubut,"20,29","-43,3002","-65,1023","19,65"
2024,1,Chubut,"20,50","-43,3002","-65,1023","20,70"
2024,2,Chubut,"21,67","-43,3002","-65,1023","20,91"
2014,1,Corrientes,"3,22","-27,4806","-58,8341","0,00"
2014,2,Corrientes,"3,37","-27,4806","-58,8341","3,28"
2014,3,Corrientes,"3,41","-27,4806","-58,8341","3,43"
2014,4,Corrientes,"3,81","-27,4806","-58,8341","3,48"
2015,1,Corrientes,"4,63","-27,4806","-58,8341","3,88"
2015,2,Corrientes,"4,85","-27,4806","-58,8341","4,72"
2015,3,Corrientes,"5,06","-27,4806","-58,8341","4,94"
2015,4,Corrientes,"5,26","-27,4806","-58,8341","5,16"
2016,1,Corrientes,"5,37","-27,4806","-58,8341","5,36"
2016,2,Corrientes,"5,60","-27,4806","-58,8341","5,48"
2016,3,Corrientes,"5,96","-27,4806","-58,8341","5,71"
2016,4,Corrientes,"6,24","-27,4806","-58,8341","6,08"
2017,1,Corrientes,"6,43","-27,4806","-58,8341","6,36"
2017,2,Corrientes,"6,79","-27,4806","-58,8341","6,56"
2017,3,Corrientes,"7,45","-27,4806","-58,8341","6,93"
2017,4,Corrientes,"10,38","-27,4806","-58,8341","7,60"
2018,1,Corrientes,"11,12","-27,4806","-58,8341","10,59"
2018,2,Corrientes,"10,88","-27,4806","-58,8341","11,34"
2018,3,Corrientes,"11,49","-27,4806","-58,8341","11,10"
2018,4,Corrientes,"12,14","-27,4806","-58,8341","11,72"
2019,1,Corrientes,"12,05","-27,4806","-58,8341","12,38"
2019,2,Corrientes,"13,83","-27,4806","-58,8341","12,29"
2019,3,Corrientes,"16,70","-27,4806","-58,8341","14,11"
2019,4,Corrientes,"19,26","-27,4806","-58,8341","17,03"
2020,1,Corrientes,"20,54","-27,4806","-58,8341","19,64"
2020,2,Corrientes,"22,15","-27,4806","-58,8341","20,95"
2020,3,Corrientes,"23,85","-27,4806","-58,8341","22,59"
2020,4,Corrientes,"25,45","-27,4806","-58,8341","24,33"
2021,1,Corrientes,"25,99","-27,4806","-58,8341","25,96"
2021,2,Corrientes,"30,37","-27,4806","-58,8341","26,50"
2021,3,Corrientes,"32,17","-27,4806","-58,8341","30,98"
2021,4,Corrientes,"35,77","-27,4806","-58,8341","32,81"
2022,1,Corrientes,"38,11","-27,4806","-58,8341","36,49"
2022,2,Corrientes,"43,31","-27,4806","-58,8341","38,87"
2022,3,Corrientes,"45,07","-27,4806","-58,8341","44,18"
2022,4,Corrientes,"94,72","-27,4806","-58,8341","45,97"
2023,1,Corrientes,"94,80","-27,4806","-58,8341","96,61"
2023,2,Corrientes,"97,21","-27,4806","-58,8341","96,70"
2023,3,Corrientes,"99,64","-27,4806","-58,8341","99,15"
2023,4,Corrientes,"100,90","-27,4806","-58,8341","101,63"
2024,1,Corrientes,"102,49","-27,4806","-58,8341","102,92"
2024,2,Corrientes,"104,26","-27,4806","-58,8341","104,54"
2014,1,Córdoba,"3,39","-31,4201","-64,1888","0,00"
2014,2,Córdoba,"3,56","-31,4201","-64,1888","3,46"
2014,3,Córdoba,"3,66","-31,4201","-64,1888","3,63"
2014,4,Córdoba,"4,09","-31,4201","-64,1888","3,73"
2015,1,Córdoba,"4,30","-31,4201","-64,1888","4,17"
2015,2,Córdoba,"4,56","-31,4201","-64,1888","4,39"
2015,3,Córdoba,"4,87","-31,4201","-64,1888","4,65"
2015,4,Córdoba,"5,07","-31,4201","-64,1888","4,97"
2016,1,Córdoba,"5,16","-31,4201","-64,1888","5,17"
2016,2,Córdoba,"5,52","-31,4201","-64,1888","5,26"
2016,3,Córdoba,"6,07","-31,4201","-64,1888","5,63"
2016,4,Córdoba,"6,47","-31,4201","-64,1888","6,19"
2017,1,Córdoba,"6,80","-31,4201","-64,1888","6,60"
2017,2,Córdoba,"7,42","-31,4201","-64,1888","6,94"
2017,3,Córdoba,"9,12","-31,4201","-64,1888","7,57"
2017,4,Córdoba,"11,64","-31,4201","-64,1888","9,30"
2018,1,Córdoba,"12,79","-31,4201","-64,1888","11,87"
2018,2,Córdoba,"13,88","-31,4201","-64,1888","13,05"
2018,3,Córdoba,"14,82","-31,4201","-64,1888","14,15"
2018,4,Córdoba,"15,81","-31,4201","-64,1888","15,11"
2019,1,Córdoba,"15,73","-31,4201","-64,1888","16,13"
2019,2,Córdoba,"18,43","-31,4201","-64,1888","16,05"
2019,3,Córdoba,"23,19","-31,4201","-64,1888","18,80"
2019,4,Córdoba,"26,16","-31,4201","-64,1888","23,66"
2020,1,Córdoba,"29,39","-31,4201","-64,1888","26,69"
2020,2,Córdoba,"30,99","-31,4201","-64,1888","29,98"
2020,3,Córdoba,"33,51","-31,4201","-64,1888","31,61"
2020,4,Córdoba,"35,12","-31,4201","-64,1888","34,18"
2021,1,Córdoba,"36,17","-31,4201","-64,1888","35,82"
2021,2,Córdoba,"39,59","-31,4201","-64,1888","36,89"
2021,3,Córdoba,"41,93","-31,4201","-64,1888","40,38"
2021,4,Córdoba,"46,36","-31,4201","-64,1888","42,77"
2022,1,Córdoba,"49,89","-31,4201","-64,1888","47,29"
2022,2,Córdoba,"53,51","-31,4201","-64,1888","50,89"
2022,3,Córdoba,"56,32","-31,4201","-64,1888","54,58"
2022,4,Córdoba,"108,77","-31,4201","-64,1888","57,45"
2023,1,Córdoba,"109,57","-31,4201","-64,1888","110,95"
2023,2,Córdoba,"111,82","-31,4201","-64,1888","111,76"
2023,3,Córdoba,"111,50","-31,4201","-64,1888","114,06"
2023,4,Córdoba,"114,03","-31,4201","-64,1888","113,73"
2024,1,Córdoba,"114,89","-31,4201","-64,1888","116,31"
2024,2,Córdoba,"117,39","-31,4201","-64,1888","117,19"
2014,1,Entre Ríos,"3,17","-32,0718","-60,5238","0,00"
2014,2,Entre Ríos,"3,31","-32,0718","-60,5238","3,23"
2014,3,Entre Ríos,"3,40","-32,0718","-60,5238","3,38"
2014,4,Entre Ríos,"3,80","-32,0718","-60,5238","3,47"
2015,1,Entre Ríos,"4,35","-32,0718","-60,5238","3,88"
2015,2,Entre Ríos,"4,55","-32,0718","-60,5238","4,43"
2015,3,Entre Ríos,"4,77","-32,0718","-60,5238","4,64"
2015,4,Entre Ríos,"5,01","-32,0718","-60,5238","4,86"
2016,1,Entre Ríos,"5,08","-32,0718","-60,5238","5,11"
2016,2,Entre Ríos,"5,13","-32,0718","-60,5238","5,19"
2016,3,Entre Ríos,"5,59","-32,0718","-60,5238","5,23"
2016,4,Entre Ríos,"5,81","-32,0718","-60,5238","5,70"
2017,1,Entre Ríos,"5,95","-32,0718","-60,5238","5,92"
2017,2,Entre Ríos,"6,29","-32,0718","-60,5238","6,07"
2017,3,Entre Ríos,"6,99","-32,0718","-60,5238","6,41"
2017,4,Entre Ríos,"9,30","-32,0718","-60,5238","7,13"
2018,1,Entre Ríos,"9,88","-32,0718","-60,5238","9,48"
2018,2,Entre Ríos,"10,19","-32,0718","-60,5238","10,07"
2018,3,Entre Ríos,"10,52","-32,0718","-60,5238","10,39"
2018,4,Entre Ríos,"11,02","-32,0718","-60,5238","10,74"
2019,1,Entre Ríos,"10,66","-32,0718","-60,5238","11,24"
2019,2,Entre Ríos,"12,19","-32,0718","-60,5238","10,87"
2019,3,Entre Ríos,"14,70","-32,0718","-60,5238","12,44"
2019,4,Entre Ríos,"17,01","-32,0718","-60,5238","14,99"
2020,1,Entre Ríos,"19,03","-32,0718","-60,5238","17,35"
2020,2,Entre Ríos,"20,45","-32,0718","-60,5238","19,41"
2020,3,Entre Ríos,"22,43","-32,0718","-60,5238","20,86"
2020,4,Entre Ríos,"24,05","-32,0718","-60,5238","22,88"
2021,1,Entre Ríos,"23,87","-32,0718","-60,5238","24,53"
2021,2,Entre Ríos,"27,62","-32,0718","-60,5238","24,35"
2021,3,Entre Ríos,"29,60","-32,0718","-60,5238","28,17"
2021,4,Entre Ríos,"33,32","-32,0718","-60,5238","30,19"
2022,1,Entre Ríos,"35,59","-32,0718","-60,5238","33,98"
2022,2,Entre Ríos,"40,03","-32,0718","-60,5238","36,30"
2022,3,Entre Ríos,"42,49","-32,0718","-60,5238","40,83"
2022,4,Entre Ríos,"87,47","-32,0718","-60,5238","43,34"
2023,1,Entre Ríos,"86,71","-32,0718","-60,5238","89,22"
2023,2,Entre Ríos,"89,37","-32,0718","-60,5238","88,44"
2023,3,Entre Ríos,"96,26","-32,0718","-60,5238","91,16"
2023,4,Entre Ríos,"101,18","-32,0718","-60,5238","98,19"
2024,1,Entre Ríos,"101,36","-32,0718","-60,5238","103,20"
2024,2,Entre Ríos,"100,98","-32,0718","-60,5238","103,39"
2014,1,Formosa,"2,57","-26,1728","-58,1825","0,00"
2014,2,Formosa,"2,65","-26,1728","-58,1825","2,63"
2014,3,Formosa,"2,66","-26,1728","-58,1825","2,71"
2014,4,Formosa,"3,02","-26,1728","-58,1825","2,71"
2015,1,Formosa,"3,38","-26,1728","-58,1825","3,08"
2015,2,Formosa,"3,76","-26,1728","-58,1825","3,45"
2015,3,Formosa,"4,17","-26,1728","-58,1825","3,84"
2015,4,Formosa,"4,66","-26,1728","-58,1825","4,25"
2016,1,Formosa,"4,87","-26,1728","-58,1825","4,75"
2016,2,Formosa,"5,10","-26,1728","-58,1825","4,97"
2016,3,Formosa,"5,42","-26,1728","-58,1825","5,21"
2016,4,Formosa,"5,63","-26,1728","-58,1825","5,52"
2017,1,Formosa,"5,74","-26,1728","-58,1825","5,74"
2017,2,Formosa,"6,18","-26,1728","-58,1825","5,86"
2017,3,Formosa,"7,07","-26,1728","-58,1825","6,30"
2017,4,Formosa,"10,11","-26,1728","-58,1825","7,21"
2018,1,Formosa,"11,06","-26,1728","-58,1825","10,32"
2018,2,Formosa,"8,97","-26,1728","-58,1825","11,28"
2018,3,Formosa,"9,32","-26,1728","-58,1825","9,15"
2018,4,Formosa,"9,82","-26,1728","-58,1825","9,50"
2019,1,Formosa,"9,83","-26,1728","-58,1825","10,01"
2019,2,Formosa,"10,84","-26,1728","-58,1825","10,02"
2019,3,Formosa,"13,22","-26,1728","-58,1825","11,05"
2019,4,Formosa,"14,53","-26,1728","-58,1825","13,49"
2020,1,Formosa,"15,70","-26,1728","-58,1825","14,82"
2020,2,Formosa,"16,87","-26,1728","-58,1825","16,01"
2020,3,Formosa,"18,28","-26,1728","-58,1825","17,21"
2020,4,Formosa,"19,70","-26,1728","-58,1825","18,65"
2021,1,Formosa,"20,98","-26,1728","-58,1825","20,09"
2021,2,Formosa,"23,97","-26,1728","-58,1825","21,40"
2021,3,Formosa,"26,69","-26,1728","-58,1825","24,45"
2021,4,Formosa,"28,76","-26,1728","-58,1825","27,22"
2022,1,Formosa,"30,28","-26,1728","-58,1825","29,33"
2022,2,Formosa,"28,47","-26,1728","-58,1825","30,89"
2022,3,Formosa,"30,35","-26,1728","-58,1825","29,04"
2022,4,Formosa,"72,03","-26,1728","-58,1825","30,96"
2023,1,Formosa,"73,96","-26,1728","-58,1825","73,47"
2023,2,Formosa,"77,32","-26,1728","-58,1825","75,44"
2023,3,Formosa,"80,29","-26,1728","-58,1825","78,87"
2023,4,Formosa,"83,35","-26,1728","-58,1825","81,90"
2024,1,Formosa,"83,80","-26,1728","-58,1825","85,02"
2024,2,Formosa,"82,66","-26,1728","-58,1825","85,48"
2014,1,Jujuy,"2,69","-24,1945","-65,2971","0,00"
2014,2,Jujuy,"2,77","-24,1945","-65,2971","2,74"
2014,3,Jujuy,"2,93","-24,1945","-65,2971","2,82"
2014,4,Jujuy,"3,13","-24,1945","-65,2971","2,99"
2015,1,Jujuy,"3,24","-24,1945","-65,2971","3,19"
2015,2,Jujuy,"3,41","-24,1945","-65,2971","3,31"
2015,3,Jujuy,"3,53","-24,1945","-65,2971","3,48"
2015,4,Jujuy,"3,72","-24,1945","-65,2971","3,60"
2016,1,Jujuy,"3,77","-24,1945","-65,2971","3,80"
2016,2,Jujuy,"3,84","-24,1945","-65,2971","3,85"
2016,3,Jujuy,"4,22","-24,1945","-65,2971","3,92"
2016,4,Jujuy,"4,32","-24,1945","-65,2971","4,30"
2017,1,Jujuy,"4,39","-24,1945","-65,2971","4,41"
2017,2,Jujuy,"4,54","-24,1945","-65,2971","4,48"
2017,3,Jujuy,"4,69","-24,1945","-65,2971","4,63"
2017,4,Jujuy,"6,64","-24,1945","-65,2971","4,78"
2018,1,Jujuy,"6,74","-24,1945","-65,2971","6,77"
2018,2,Jujuy,"6,29","-24,1945","-65,2971","6,88"
2018,3,Jujuy,"7,67","-24,1945","-65,2971","6,42"
2018,4,Jujuy,"8,56","-24,1945","-65,2971","7,82"
2019,1,Jujuy,"8,56","-24,1945","-65,2971","8,73"
2019,2,Jujuy,"12,07","-24,1945","-65,2971","8,73"
2019,3,Jujuy,"11,97","-24,1945","-65,2971","12,31"
2019,4,Jujuy,"12,96","-24,1945","-65,2971","12,21"
2020,1,Jujuy,"14,14","-24,1945","-65,2971","13,22"
2020,2,Jujuy,"15,86","-24,1945","-65,2971","14,43"
2020,3,Jujuy,"21,91","-24,1945","-65,2971","16,18"
2020,4,Jujuy,"25,21","-24,1945","-65,2971","22,35"
2021,1,Jujuy,"26,78","-24,1945","-65,2971","25,71"
2021,2,Jujuy,"25,81","-24,1945","-65,2971","27,31"
2021,3,Jujuy,"25,98","-24,1945","-65,2971","26,33"
2021,4,Jujuy,"27,14","-24,1945","-65,2971","26,50"
2022,1,Jujuy,"27,69","-24,1945","-65,2971","27,69"
2022,2,Jujuy,"29,39","-24,1945","-65,2971","28,24"
2022,3,Jujuy,"32,43","-24,1945","-65,2971","29,98"
2022,4,Jujuy,"39,32","-24,1945","-65,2971","33,08"
2023,1,Jujuy,"42,75","-24,1945","-65,2971","40,11"
2023,2,Jujuy,"43,56","-24,1945","-65,2971","43,61"
2023,3,Jujuy,"44,55","-24,1945","-65,2971","44,43"
2023,4,Jujuy,"46,20","-24,1945","-65,2971","45,44"
2024,1,Jujuy,"47,52","-24,1945","-65,2971","47,12"
2024,2,Jujuy,"49,87","-24,1945","-65,2971","48,47"
2014,1,La Pampa,"2,65","-37,7429","-64,2856","0,00"
2014,2,La Pampa,"2,68","-37,7429","-64,2856","2,70"
2014,3,La Pampa,"2,82","-37,7429","-64,2856","2,74"
2014,4,La Pampa,"2,75","-37,7429","-64,2856","2,87"
2015,1,La Pampa,"2,83","-37,7429","-64,2856","2,81"
2015,2,La Pampa,"2,86","-37,7429","-64,2856","2,89"
2015,3,La Pampa,"2,91","-37,7429","-64,2856","2,92"
2015,4,La Pampa,"2,94","-37,7429","-64,2856","2,97"
2016,1,La Pampa,"3,05","-37,7429","-64,2856","3,00"
2016,2,La Pampa,"3,15","-37,7429","-64,2856","3,11"
2016,3,La Pampa,"3,14","-37,7429","-64,2856","3,21"
2016,4,La Pampa,"3,19","-37,7429","-64,2856","3,21"
2017,1,La Pampa,"3,22","-37,7429","-64,2856","3,25"
2017,2,La Pampa,"3,32","-37,7429","-64,2856","3,29"
2017,3,La Pampa,"3,44","-37,7429","-64,2856","3,38"
2017,4,La Pampa,"3,98","-37,7429","-64,2856","3,51"
2018,1,La Pampa,"4,00","-37,7429","-64,2856","4,06"
2018,2,La Pampa,"4,10","-37,7429","-64,2856","4,08"
2018,3,La Pampa,"4,28","-37,7429","-64,2856","4,18"
2018,4,La Pampa,"4,32","-37,7429","-64,2856","4,37"
2019,1,La Pampa,"5,06","-37,7429","-64,2856","4,41"
2019,2,La Pampa,"5,49","-37,7429","-64,2856","5,16"
2019,3,La Pampa,"5,72","-37,7429","-64,2856","5,60"
2019,4,La Pampa,"6,53","-37,7429","-64,2856","5,83"
2020,1,La Pampa,"7,29","-37,7429","-64,2856","6,66"
2020,2,La Pampa,"8,03","-37,7429","-64,2856","7,44"
2020,3,La Pampa,"10,70","-37,7429","-64,2856","8,19"
2020,4,La Pampa,"9,88","-37,7429","-64,2856","10,91"
2021,1,La Pampa,"10,73","-37,7429","-64,2856","10,07"
2021,2,La Pampa,"12,28","-37,7429","-64,2856","10,94"
2021,3,La Pampa,"12,99","-37,7429","-64,2856","12,52"
2021,4,La Pampa,"13,85","-37,7429","-64,2856","13,25"
2022,1,La Pampa,"14,84","-37,7429","-64,2856","14,13"
2022,2,La Pampa,"16,07","-37,7429","-64,2856","15,14"
2022,3,La Pampa,"18,10","-37,7429","-64,2856","16,39"
2022,4,La Pampa,"19,10","-37,7429","-64,2856","18,46"
2023,1,La Pampa,"20,09","-37,7429","-64,2856","19,48"
2023,2,La Pampa,"22,78","-37,7429","-64,2856","20,49"
2023,3,La Pampa,"24,21","-37,7429","-64,2856","23,24"
2023,4,La Pampa,"25,61","-37,7429","-64,2856","24,69"
2024,1,La Pampa,"26,55","-37,7429","-64,2856","26,12"
2024,2,La Pampa,"28,73","-37,7429","-64,2856","27,08"
2014,1,La Rioja,"2,96","-29,4135","-66,8565","0,00"
2014,2,La Rioja,"3,10","-29,4135","-66,8565","3,02"
2014,3,La Rioja,"3,10","-29,4135","-66,8565","3,16"
2014,4,La Rioja,"3,58","-29,4135","-66,8565","3,16"
2015,1,La Rioja,"3,78","-29,4135","-66,8565","3,65"
2015,2,La Rioja,"4,00","-29,4135","-66,8565","3,86"
2015,3,La Rioja,"4,25","-29,4135","-66,8565","4,08"
2015,4,La Rioja,"4,52","-29,4135","-66,8565","4,33"
2016,1,La Rioja,"4,62","-29,4135","-66,8565","4,61"
2016,2,La Rioja,"4,77","-29,4135","-66,8565","4,71"
2016,3,La Rioja,"5,08","-29,4135","-66,8565","4,87"
2016,4,La Rioja,"5,34","-29,4135","-66,8565","5,18"
2017,1,La Rioja,"5,43","-29,4135","-66,8565","5,45"
2017,2,La Rioja,"5,53","-29,4135","-66,8565","5,54"
2017,3,La Rioja,"5,01","-29,4135","-66,8565","5,64"
2017,4,La Rioja,"5,88","-29,4135","-66,8565","5,11"
2018,1,La Rioja,"5,89","-29,4135","-66,8565","6,00"
2018,2,La Rioja,"5,59","-29,4135","-66,8565","6,01"
2018,3,La Rioja,"6,16","-29,4135","-66,8565","5,70"
2018,4,La Rioja,"7,09","-29,4135","-66,8565","6,28"
2019,1,La Rioja,"7,09","-29,4135","-66,8565","7,24"
2019,2,La Rioja,"7,89","-29,4135","-66,8565","7,23"
2019,3,La Rioja,"8,00","-29,4135","-66,8565","8,05"
2019,4,La Rioja,"8,00","-29,4135","-66,8565","8,16"
2020,1,La Rioja,"7,96","-29,4135","-66,8565","8,16"
2020,2,La Rioja,"11,67","-29,4135","-66,8565","8,12"
2020,3,La Rioja,"12,19","-29,4135","-66,8565","11,90"
2020,4,La Rioja,"12,53","-29,4135","-66,8565","12,44"
2021,1,La Rioja,"12,70","-29,4135","-66,8565","12,79"
2021,2,La Rioja,"38,53","-29,4135","-66,8565","12,95"
2021,3,La Rioja,"38,87","-29,4135","-66,8565","39,31"
2021,4,La Rioja,"39,70","-29,4135","-66,8565","39,65"
2022,1,La Rioja,"41,37","-29,4135","-66,8565","40,49"
2022,2,La Rioja,"43,28","-29,4135","-66,8565","42,20"
2022,3,La Rioja,"44,30","-29,4135","-66,8565","44,15"
2022,4,La Rioja,"61,00","-29,4135","-66,8565","45,19"
2023,1,La Rioja,"63,13","-29,4135","-66,8565","62,22"
2023,2,La Rioja,"63,55","-29,4135","-66,8565","64,39"
2023,3,La Rioja,"63,84","-29,4135","-66,8565","64,82"
2023,4,La Rioja,"64,18","-29,4135","-66,8565","65,12"
2024,1,La Rioja,"63,71","-29,4135","-66,8565","65,46"
2024,2,La Rioja,"64,24","-29,4135","-66,8565","64,98"
2014,1,Mendoza,"3,50","-34,5890","-68,3480","0,00"
2014,2,Mendoza,"3,50","-34,5890","-68,3480","3,57"
2014,3,Mendoza,"3,50","-34,5890","-68,3480","3,57"
2014,4,Mendoza,"3,50","-34,5890","-68,3480","3,57"
2015,1,Mendoza,"3,50","-34,5890","-68,3480","3,57"
2015,2,Mendoza,"3,50","-34,5890","-68,3480","3,57"
2015,3,Mendoza,"3,50","-34,5890","-68,3480","3,57"
2015,4,Mendoza,"3,50","-34,5890","-68,3480","3,57"
2016,1,Mendoza,"3,50","-34,5890","-68,3480","3,57"
2016,2,Mendoza,"3,50","-34,5890","-68,3480","3,57"
2016,3,Mendoza,"3,51","-34,5890","-68,3480","3,57"
2016,4,Mendoza,"3,51","-34,5890","-68,3480","3,58"
2017,1,Mendoza,"3,51","-34,5890","-68,3480","3,58"
2017,2,Mendoza,"3,51","-34,5890","-68,3480","3,58"
2017,3,Mendoza,"3,51","-34,5890","-68,3480","3,58"
2017,4,Mendoza,"5,71","-34,5890","-68,3480","3,58"
2018,1,Mendoza,"5,88","-34,5890","-68,3480","5,82"
2018,2,Mendoza,"5,88","-34,5890","-68,3480","6,00"
2018,3,Mendoza,"5,79","-34,5890","-68,3480","6,00"
2018,4,Mendoza,"5,75","-34,5890","-68,3480","5,90"
2019,1,Mendoza,"5,74","-34,5890","-68,3480","5,86"
2019,2,Mendoza,"6,03","-34,5890","-68,3480","5,86"
2019,3,Mendoza,"6,11","-34,5890","-68,3480","6,15"
2019,4,Mendoza,"7,79","-34,5890","-68,3480","6,23"
2020,1,Mendoza,"8,44","-34,5890","-68,3480","7,94"
2020,2,Mendoza,"9,27","-34,5890","-68,3480","8,61"
2020,3,Mendoza,"10,19","-34,5890","-68,3480","9,46"
2020,4,Mendoza,"11,09","-34,5890","-68,3480","10,39"
2021,1,Mendoza,"12,60","-34,5890","-68,3480","11,32"
2021,2,Mendoza,"13,47","-34,5890","-68,3480","12,85"
2021,3,Mendoza,"13,37","-34,5890","-68,3480","13,74"
2021,4,Mendoza,"22,23","-34,5890","-68,3480","13,63"
2022,1,Mendoza,"26,20","-34,5890","-68,3480","22,68"
2022,2,Mendoza,"29,72","-34,5890","-68,3480","26,72"
2022,3,Mendoza,"34,16","-34,5890","-68,3480","30,31"
2022,4,Mendoza,"38,76","-34,5890","-68,3480","34,84"
2023,1,Mendoza,"41,45","-34,5890","-68,3480","39,54"
2023,2,Mendoza,"42,69","-34,5890","-68,3480","42,28"
2023,3,Mendoza,"46,96","-34,5890","-68,3480","43,54"
2023,4,Mendoza,"49,46","-34,5890","-68,3480","47,90"
2024,1,Mendoza,"51,85","-34,5890","-68,3480","50,45"
2024,2,Mendoza,"55,32","-34,5890","-68,3480","52,89"
2014,1,Misiones,"3,40","-27,3644","-55,9000","0,00"
2014,2,Misiones,"3,54","-27,3644","-55,9000","3,47"
2014,3,Misiones,"3,58","-27,3644","-55,9000","3,61"
2014,4,Misiones,"4,03","-27,3644","-55,9000","3,65"
2015,1,Misiones,"4,97","-27,3644","-55,9000","4,11"
2015,2,Misiones,"5,33","-27,3644","-55,9000","5,07"
2015,3,Misiones,"5,63","-27,3644","-55,9000","5,43"
2015,4,Misiones,"5,90","-27,3644","-55,9000","5,75"
2016,1,Misiones,"6,00","-27,3644","-55,9000","6,02"
2016,2,Misiones,"6,23","-27,3644","-55,9000","6,12"
2016,3,Misiones,"6,74","-27,3644","-55,9000","6,36"
2016,4,Misiones,"7,11","-27,3644","-55,9000","6,88"
2017,1,Misiones,"7,34","-27,3644","-55,9000","7,25"
2017,2,Misiones,"7,60","-27,3644","-55,9000","7,49"
2017,3,Misiones,"8,43","-27,3644","-55,9000","7,76"
2017,4,Misiones,"11,32","-27,3644","-55,9000","8,60"
2018,1,Misiones,"12,08","-27,3644","-55,9000","11,55"
2018,2,Misiones,"11,76","-27,3644","-55,9000","12,32"
2018,3,Misiones,"12,49","-27,3644","-55,9000","11,99"
2018,4,Misiones,"12,50","-27,3644","-55,9000","12,74"
2019,1,Misiones,"12,51","-27,3644","-55,9000","12,75"
2019,2,Misiones,"14,50","-27,3644","-55,9000","12,76"
2019,3,Misiones,"17,93","-27,3644","-55,9000","14,79"
2019,4,Misiones,"20,32","-27,3644","-55,9000","18,29"
2020,1,Misiones,"22,15","-27,3644","-55,9000","20,73"
2020,2,Misiones,"22,56","-27,3644","-55,9000","22,59"
2020,3,Misiones,"24,14","-27,3644","-55,9000","23,01"
2020,4,Misiones,"24,96","-27,3644","-55,9000","24,62"
2021,1,Misiones,"25,08","-27,3644","-55,9000","25,46"
2021,2,Misiones,"28,68","-27,3644","-55,9000","25,58"
2021,3,Misiones,"30,88","-27,3644","-55,9000","29,26"
2021,4,Misiones,"38,90","-27,3644","-55,9000","31,50"
2022,1,Misiones,"41,87","-27,3644","-55,9000","39,68"
2022,2,Misiones,"46,23","-27,3644","-55,9000","42,71"
2022,3,Misiones,"49,30","-27,3644","-55,9000","47,15"
2022,4,Misiones,"91,24","-27,3644","-55,9000","50,29"
2023,1,Misiones,"89,81","-27,3644","-55,9000","93,06"
2023,2,Misiones,"90,55","-27,3644","-55,9000","91,61"
2023,3,Misiones,"91,49","-27,3644","-55,9000","92,36"
2023,4,Misiones,"93,65","-27,3644","-55,9000","93,32"
2024,1,Misiones,"94,98","-27,3644","-55,9000","95,52"
2024,2,Misiones,"96,15","-27,3644","-55,9000","96,88"
2014,1,Neuquén,"3,55","-38,9516","-68,0591","0,00"
2014,2,Neuquén,"3,66","-38,9516","-68,0591","3,62"
2014,3,Neuquén,"3,74","-38,9516","-68,0591","3,74"
2014,4,Neuquén,"3,85","-38,9516","-68,0591","3,82"
2015,1,Neuquén,"3,91","-38,9516","-68,0591","3,93"
2015,2,Neuquén,"4,06","-38,9516","-68,0591","3,99"
2015,3,Neuquén,"4,23","-38,9516","-68,0591","4,14"
2015,4,Neuquén,"4,36","-38,9516","-68,0591","4,31"
2016,1,Neuquén,"4,42","-38,9516","-68,0591","4,44"
2016,2,Neuquén,"4,87","-38,9516","-68,0591","4,51"
2016,3,Neuquén,"5,29","-38,9516","-68,0591","4,96"
2016,4,Neuquén,"5,68","-38,9516","-68,0591","5,40"
2017,1,Neuquén,"6,03","-38,9516","-68,0591","5,79"
2017,2,Neuquén,"6,70","-38,9516","-68,0591","6,16"
2017,3,Neuquén,"8,17","-38,9516","-68,0591","6,83"
2017,4,Neuquén,"10,72","-38,9516","-68,0591","8,33"
2018,1,Neuquén,"11,96","-38,9516","-68,0591","10,93"
2018,2,Neuquén,"13,37","-38,9516","-68,0591","12,20"
2018,3,Neuquén,"14,67","-38,9516","-68,0591","13,63"
2018,4,Neuquén,"15,89","-38,9516","-68,0591","14,97"
2019,1,Neuquén,"15,88","-38,9516","-68,0591","16,21"
2019,2,Neuquén,"17,24","-38,9516","-68,0591","16,20"
2019,3,Neuquén,"23,75","-38,9516","-68,0591","17,59"
2019,4,Neuquén,"26,02","-38,9516","-68,0591","24,22"
2020,1,Neuquén,"27,77","-38,9516","-68,0591","26,54"
2020,2,Neuquén,"29,10","-38,9516","-68,0591","28,32"
2020,3,Neuquén,"31,46","-38,9516","-68,0591","29,68"
2020,4,Neuquén,"33,91","-38,9516","-68,0591","32,09"
2021,1,Neuquén,"34,24","-38,9516","-68,0591","34,59"
2021,2,Neuquén,"36,11","-38,9516","-68,0591","34,92"
2021,3,Neuquén,"38,34","-38,9516","-68,0591","36,83"
2021,4,Neuquén,"40,09","-38,9516","-68,0591","39,11"
2022,1,Neuquén,"43,05","-38,9516","-68,0591","40,89"
2022,2,Neuquén,"46,53","-38,9516","-68,0591","43,91"
2022,3,Neuquén,"47,81","-38,9516","-68,0591","47,46"
2022,4,Neuquén,"95,37","-38,9516","-68,0591","48,77"
2023,1,Neuquén,"93,42","-38,9516","-68,0591","97,28"
2023,2,Neuquén,"93,97","-38,9516","-68,0591","95,29"
2023,3,Neuquén,"96,57","-38,9516","-68,0591","95,85"
2023,4,Neuquén,"99,63","-38,9516","-68,0591","98,50"
2024,1,Neuquén,"98,16","-38,9516","-68,0591","101,62"
2024,2,Neuquén,"97,04","-38,9516","-68,0591","100,12"
2014,1,Río Negro,"3,35","-40,8135","-67,9665","0,00"
2014,2,Río Negro,"3,43","-40,8135","-67,9665","3,42"
2014,3,Río Negro,"3,48","-40,8135","-67,9665","3,50"
2014,4,Río Negro,"3,54","-40,8135","-67,9665","3,55"
2015,1,Río Negro,"3,59","-40,8135","-67,9665","3,61"
2015,2,Río Negro,"3,67","-40,8135","-67,9665","3,66"
2015,3,Río Negro,"3,74","-40,8135","-67,9665","3,74"
2015,4,Río Negro,"3,77","-40,8135","-67,9665","3,81"
2016,1,Río Negro,"3,83","-40,8135","-67,9665","3,84"
2016,2,Río Negro,"3,98","-40,8135","-67,9665","3,90"
2016,3,Río Negro,"4,16","-40,8135","-67,9665","4,06"
2016,4,Río Negro,"4,37","-40,8135","-67,9665","4,25"
2017,1,Río Negro,"4,45","-40,8135","-67,9665","4,46"
2017,2,Río Negro,"4,74","-40,8135","-67,9665","4,54"
2017,3,Río Negro,"5,49","-40,8135","-67,9665","4,84"
2017,4,Río Negro,"8,05","-40,8135","-67,9665","5,60"
2018,1,Río Negro,"8,98","-40,8135","-67,9665","8,21"
2018,2,Río Negro,"9,51","-40,8135","-67,9665","9,16"
2018,3,Río Negro,"10,06","-40,8135","-67,9665","9,70"
2018,4,Río Negro,"10,49","-40,8135","-67,9665","10,27"
2019,1,Río Negro,"10,49","-40,8135","-67,9665","10,70"
2019,2,Río Negro,"11,63","-40,8135","-67,9665","10,70"
2019,3,Río Negro,"15,98","-40,8135","-67,9665","11,86"
2019,4,Río Negro,"17,18","-40,8135","-67,9665","16,30"
2020,1,Río Negro,"19,06","-40,8135","-67,9665","17,52"
2020,2,Río Negro,"19,68","-40,8135","-67,9665","19,44"
2020,3,Río Negro,"21,08","-40,8135","-67,9665","20,07"
2020,4,Río Negro,"21,64","-40,8135","-67,9665","21,50"
2021,1,Río Negro,"21,92","-40,8135","-67,9665","22,07"
2021,2,Río Negro,"23,75","-40,8135","-67,9665","22,36"
2021,3,Río Negro,"25,40","-40,8135","-67,9665","24,22"
2021,4,Río Negro,"27,20","-40,8135","-67,9665","25,91"
2022,1,Río Negro,"31,09","-40,8135","-67,9665","27,75"
2022,2,Río Negro,"33,26","-40,8135","-67,9665","31,71"
2022,3,Río Negro,"34,13","-40,8135","-67,9665","33,93"
2022,4,Río Negro,"75,31","-40,8135","-67,9665","34,81"
2023,1,Río Negro,"74,40","-40,8135","-67,9665","76,82"
2023,2,Río Negro,"70,76","-40,8135","-67,9665","75,89"
2023,3,Río Negro,"70,93","-40,8135","-67,9665","72,18"
2023,4,Río Negro,"74,37","-40,8135","-67,9665","72,35"
2024,1,Río Negro,"75,00","-40,8135","-67,9665","75,86"
2024,2,Río Negro,"75,05","-40,8135","-67,9665","76,50"
2014,1,Salta,"3,30","-24,7821","-65,4232","0,00"
2014,2,Salta,"3,39","-24,7821","-65,4232","3,37"
2014,3,Salta,"3,41","-24,7821","-65,4232","3,46"
2014,4,Salta,"3,86","-24,7821","-65,4232","3,48"
2015,1,Salta,"4,02","-24,7821","-65,4232","3,94"
2015,2,Salta,"4,22","-24,7821","-65,4232","4,10"
2015,3,Salta,"4,42","-24,7821","-65,4232","4,30"
2015,4,Salta,"4,67","-24,7821","-65,4232","4,51"
2016,1,Salta,"4,74","-24,7821","-65,4232","4,77"
2016,2,Salta,"4,75","-24,7821","-65,4232","4,84"
2016,3,Salta,"5,05","-24,7821","-65,4232","4,84"
2016,4,Salta,"5,22","-24,7821","-65,4232","5,15"
2017,1,Salta,"5,34","-24,7821","-65,4232","5,33"
2017,2,Salta,"5,76","-24,7821","-65,4232","5,44"
2017,3,Salta,"6,13","-24,7821","-65,4232","5,87"
2017,4,Salta,"8,45","-24,7821","-65,4232","6,26"
2018,1,Salta,"9,19","-24,7821","-65,4232","8,62"
2018,2,Salta,"8,93","-24,7821","-65,4232","9,37"
2018,3,Salta,"9,27","-24,7821","-65,4232","9,11"
2018,4,Salta,"10,46","-24,7821","-65,4232","9,45"
2019,1,Salta,"10,38","-24,7821","-65,4232","10,67"
2019,2,Salta,"12,55","-24,7821","-65,4232","10,58"
2019,3,Salta,"14,75","-24,7821","-65,4232","12,80"
2019,4,Salta,"19,08","-24,7821","-65,4232","15,04"
2020,1,Salta,"21,43","-24,7821","-65,4232","19,47"
2020,2,Salta,"22,56","-24,7821","-65,4232","21,85"
2020,3,Salta,"25,26","-24,7821","-65,4232","23,01"
2020,4,Salta,"25,32","-24,7821","-65,4232","25,77"
2021,1,Salta,"27,32","-24,7821","-65,4232","25,83"
2021,2,Salta,"29,24","-24,7821","-65,4232","27,87"
2021,3,Salta,"31,21","-24,7821","-65,4232","29,82"
2021,4,Salta,"33,94","-24,7821","-65,4232","31,83"
2022,1,Salta,"36,71","-24,7821","-65,4232","34,62"
2022,2,Salta,"38,77","-24,7821","-65,4232","37,44"
2022,3,Salta,"41,33","-24,7821","-65,4232","39,55"
2022,4,Salta,"75,93","-24,7821","-65,4232","42,16"
2023,1,Salta,"76,85","-24,7821","-65,4232","77,45"
2023,2,Salta,"79,10","-24,7821","-65,4232","78,39"
2023,3,Salta,"80,80","-24,7821","-65,4232","80,68"
2023,4,Salta,"83,04","-24,7821","-65,4232","82,42"
2024,1,Salta,"84,34","-24,7821","-65,4232","84,70"
2024,2,Salta,"87,03","-24,7821","-65,4232","86,03"
2014,1,San Juan,"3,47","-31,5275","-68,5386","0,00"
2014,2,San Juan,"3,47","-31,5275","-68,5386","3,54"
2014,3,San Juan,"3,47","-31,5275","-68,5386","3,54"
2014,4,San Juan,"3,48","-31,5275","-68,5386","3,54"
2015,1,San Juan,"3,48","-31,5275","-68,5386","3,54"
2015,2,San Juan,"3,48","-31,5275","-68,5386","3,55"
2015,3,San Juan,"3,48","-31,5275","-68,5386","3,55"
2015,4,San Juan,"3,48","-31,5275","-68,5386","3,55"
2016,1,San Juan,"3,49","-31,5275","-68,5386","3,55"
2016,2,San Juan,"3,49","-31,5275","-68,5386","3,56"
2016,3,San Juan,"3,49","-31,5275","-68,5386","3,56"
2016,4,San Juan,"3,49","-31,5275","-68,5386","3,56"
2017,1,San Juan,"3,49","-31,5275","-68,5386","3,56"
2017,2,San Juan,"3,49","-31,5275","-68,5386","3,56"
2017,3,San Juan,"3,45","-31,5275","-68,5386","3,56"
2017,4,San Juan,"5,83","-31,5275","-68,5386","3,52"
2018,1,San Juan,"5,85","-31,5275","-68,5386","5,95"
2018,2,San Juan,"5,85","-31,5275","-68,5386","5,97"
2018,3,San Juan,"5,74","-31,5275","-68,5386","5,96"
2018,4,San Juan,"5,72","-31,5275","-68,5386","5,85"
2019,1,San Juan,"5,84","-31,5275","-68,5386","5,83"
2019,2,San Juan,"6,12","-31,5275","-68,5386","5,96"
2019,3,San Juan,"6,04","-31,5275","-68,5386","6,24"
2019,4,San Juan,"6,04","-31,5275","-68,5386","6,16"
2020,1,San Juan,"6,04","-31,5275","-68,5386","6,16"
2020,2,San Juan,"6,31","-31,5275","-68,5386","6,16"
2020,3,San Juan,"6,03","-31,5275","-68,5386","6,43"
2020,4,San Juan,"6,41","-31,5275","-68,5386","6,15"
2021,1,San Juan,"6,91","-31,5275","-68,5386","6,54"
2021,2,San Juan,"6,99","-31,5275","-68,5386","7,05"
2021,3,San Juan,"7,04","-31,5275","-68,5386","7,13"
2021,4,San Juan,"11,05","-31,5275","-68,5386","7,18"
2022,1,San Juan,"11,99","-31,5275","-68,5386","11,27"
2022,2,San Juan,"14,44","-31,5275","-68,5386","12,23"
2022,3,San Juan,"15,84","-31,5275","-68,5386","14,73"
2022,4,San Juan,"16,39","-31,5275","-68,5386","16,16"
2023,1,San Juan,"18,70","-31,5275","-68,5386","16,72"
2023,2,San Juan,"20,39","-31,5275","-68,5386","19,07"
2023,3,San Juan,"24,45","-31,5275","-68,5386","20,80"
2023,4,San Juan,"24,78","-31,5275","-68,5386","24,94"
2024,1,San Juan,"30,58","-31,5275","-68,5386","25,28"
2024,2,San Juan,"32,17","-31,5275","-68,5386","31,19"
2014,1,San Luis,"3,50","-33,3018","-66,3378","0,00"
2014,2,San Luis,"3,50","-33,3018","-66,3378","3,57"
2014,3,San Luis,"3,50","-33,3018","-66,3378","3,57"
2014,4,San Luis,"3,50","-33,3018","-66,3378","3,57"
2015,1,San Luis,"3,50","-33,3018","-66,3378","3,57"
2015,2,San Luis,"3,50","-33,3018","-66,3378","3,57"
2015,3,San Luis,"3,50","-33,3018","-66,3378","3,57"
2015,4,San Luis,"3,50","-33,3018","-66,3378","3,57"
2016,1,San Luis,"3,50","-33,3018","-66,3378","3,57"
2016,2,San Luis,"3,50","-33,3018","-66,3378","3,57"
2016,3,San Luis,"3,50","-33,3018","-66,3378","3,57"
2016,4,San Luis,"3,50","-33,3018","-66,3378","3,57"
2017,1,San Luis,"3,50","-33,3018","-66,3378","3,57"
2017,2,San Luis,"3,50","-33,3018","-66,3378","3,57"
2017,3,San Luis,"3,50","-33,3018","-66,3378","3,57"
2017,4,San Luis,"5,73","-33,3018","-66,3378","3,57"
2018,1,San Luis,"5,89","-33,3018","-66,3378","5,85"
2018,2,San Luis,"5,90","-33,3018","-66,3378","6,01"
2018,3,San Luis,"8,81","-33,3018","-66,3378","6,02"
2018,4,San Luis,"8,82","-33,3018","-66,3378","8,99"
2019,1,San Luis,"8,71","-33,3018","-66,3378","9,00"
2019,2,San Luis,"19,88","-33,3018","-66,3378","8,88"
2019,3,San Luis,"19,74","-33,3018","-66,3378","20,27"
2019,4,San Luis,"20,69","-33,3018","-66,3378","20,14"
2020,1,San Luis,"20,99","-33,3018","-66,3378","21,10"
2020,2,San Luis,"21,02","-33,3018","-66,3378","21,41"
2020,3,San Luis,"20,85","-33,3018","-66,3378","21,44"
2020,4,San Luis,"21,25","-33,3018","-66,3378","21,27"
2021,1,San Luis,"21,59","-33,3018","-66,3378","21,68"
2021,2,San Luis,"21,66","-33,3018","-66,3378","22,03"
2021,3,San Luis,"21,70","-33,3018","-66,3378","22,10"
2021,4,San Luis,"20,91","-33,3018","-66,3378","22,13"
2022,1,San Luis,"20,95","-33,3018","-66,3378","21,33"
2022,2,San Luis,"19,32","-33,3018","-66,3378","21,37"
2022,3,San Luis,"19,33","-33,3018","-66,3378","19,71"
2022,4,San Luis,"30,67","-33,3018","-66,3378","19,72"
2023,1,San Luis,"55,85","-33,3018","-66,3378","31,28"
2023,2,San Luis,"103,84","-33,3018","-66,3378","56,97"
2023,3,San Luis,"104,97","-33,3018","-66,3378","105,92"
2023,4,San Luis,"174,59","-33,3018","-66,3378","107,07"
2024,1,San Luis,"179,49","-33,3018","-66,3378","178,08"
2024,2,San Luis,"181,61","-33,3018","-66,3378","183,08"
2014,1,Santa Cruz,"3,32","-48,7834","-69,9335","0,00"
2014,2,Santa Cruz,"3,32","-48,7834","-69,9335","3,38"
2014,3,Santa Cruz,"3,31","-48,7834","-69,9335","3,38"
2014,4,Santa Cruz,"3,33","-48,7834","-69,9335","3,37"
2015,1,Santa Cruz,"3,47","-48,7834","-69,9335","3,40"
2015,2,Santa Cruz,"3,47","-48,7834","-69,9335","3,54"
2015,3,Santa Cruz,"3,48","-48,7834","-69,9335","3,54"
2015,4,Santa Cruz,"3,48","-48,7834","-69,9335","3,55"
2016,1,Santa Cruz,"3,48","-48,7834","-69,9335","3,55"
2016,2,Santa Cruz,"3,50","-48,7834","-69,9335","3,55"
2016,3,Santa Cruz,"3,54","-48,7834","-69,9335","3,57"
2016,4,Santa Cruz,"3,56","-48,7834","-69,9335","3,61"
2017,1,Santa Cruz,"3,59","-48,7834","-69,9335","3,64"
2017,2,Santa Cruz,"3,60","-48,7834","-69,9335","3,66"
2017,3,Santa Cruz,"3,61","-48,7834","-69,9335","3,68"
2017,4,Santa Cruz,"5,21","-48,7834","-69,9335","3,68"
2018,1,Santa Cruz,"5,19","-48,7834","-69,9335","5,31"
2018,2,Santa Cruz,"5,19","-48,7834","-69,9335","5,29"
2018,3,Santa Cruz,"5,37","-48,7834","-69,9335","5,29"
2018,4,Santa Cruz,"5,12","-48,7834","-69,9335","5,48"
2019,1,Santa Cruz,"5,78","-48,7834","-69,9335","5,22"
2019,2,Santa Cruz,"6,01","-48,7834","-69,9335","5,90"
2019,3,Santa Cruz,"5,02","-48,7834","-69,9335","6,13"
2019,4,Santa Cruz,"5,21","-48,7834","-69,9335","5,12"
2020,1,Santa Cruz,"6,42","-48,7834","-69,9335","5,31"
2020,2,Santa Cruz,"6,59","-48,7834","-69,9335","6,55"
2020,3,Santa Cruz,"6,65","-48,7834","-69,9335","6,73"
2020,4,Santa Cruz,"7,49","-48,7834","-69,9335","6,78"
2021,1,Santa Cruz,"7,50","-48,7834","-69,9335","7,64"
2021,2,Santa Cruz,"7,63","-48,7834","-69,9335","7,65"
2021,3,Santa Cruz,"7,69","-48,7834","-69,9335","7,78"
2021,4,Santa Cruz,"8,99","-48,7834","-69,9335","7,85"
2022,1,Santa Cruz,"10,89","-48,7834","-69,9335","9,17"
2022,2,Santa Cruz,"11,81","-48,7834","-69,9335","11,11"
2022,3,Santa Cruz,"12,60","-48,7834","-69,9335","12,05"
2022,4,Santa Cruz,"14,33","-48,7834","-69,9335","12,85"
2023,1,Santa Cruz,"14,98","-48,7834","-69,9335","14,62"
2023,2,Santa Cruz,"15,48","-48,7834","-69,9335","15,28"
2023,3,Santa Cruz,"15,67","-48,7834","-69,9335","15,79"
2023,4,Santa Cruz,"36,77","-48,7834","-69,9335","15,98"
2024,1,Santa Cruz,"31,60","-48,7834","-69,9335","37,51"
2024,2,Santa Cruz,"29,89","-48,7834","-69,9335","32,23"
2014,1,Santa Fe,"3,15","-31,6333","-60,7000","0,00"
2014,2,Santa Fe,"3,31","-31,6333","-60,7000","3,21"
2014,3,Santa Fe,"3,38","-31,6333","-60,7000","3,38"
2014,4,Santa Fe,"3,78","-31,6333","-60,7000","3,44"
2015,1,Santa Fe,"4,06","-31,6333","-60,7000","3,86"
2015,2,Santa Fe,"4,30","-31,6333","-60,7000","4,14"
2015,3,Santa Fe,"4,56","-31,6333","-60,7000","4,39"
2015,4,Santa Fe,"4,81","-31,6333","-60,7000","4,65"
2016,1,Santa Fe,"4,90","-31,6333","-60,7000","4,91"
2016,2,Santa Fe,"5,14","-31,6333","-60,7000","5,00"
2016,3,Santa Fe,"5,68","-31,6333","-60,7000","5,24"
2016,4,Santa Fe,"6,04","-31,6333","-60,7000","5,79"
2017,1,Santa Fe,"6,28","-31,6333","-60,7000","6,16"
2017,2,Santa Fe,"6,84","-31,6333","-60,7000","6,41"
2017,3,Santa Fe,"7,79","-31,6333","-60,7000","6,98"
2017,4,Santa Fe,"10,30","-31,6333","-60,7000","7,95"
2018,1,Santa Fe,"11,17","-31,6333","-60,7000","10,50"
2018,2,Santa Fe,"11,75","-31,6333","-60,7000","11,40"
2018,3,Santa Fe,"12,36","-31,6333","-60,7000","11,98"
2018,4,Santa Fe,"13,18","-31,6333","-60,7000","12,60"
2019,1,Santa Fe,"12,99","-31,6333","-60,7000","13,44"
2019,2,Santa Fe,"15,07","-31,6333","-60,7000","13,25"
2019,3,Santa Fe,"18,17","-31,6333","-60,7000","15,38"
2019,4,Santa Fe,"20,55","-31,6333","-60,7000","18,53"
2020,1,Santa Fe,"22,42","-31,6333","-60,7000","20,96"
2020,2,Santa Fe,"23,93","-31,6333","-60,7000","22,87"
2020,3,Santa Fe,"25,69","-31,6333","-60,7000","24,40"
2020,4,Santa Fe,"27,29","-31,6333","-60,7000","26,20"
2021,1,Santa Fe,"28,13","-31,6333","-60,7000","27,84"
2021,2,Santa Fe,"30,70","-31,6333","-60,7000","28,69"
2021,3,Santa Fe,"33,13","-31,6333","-60,7000","31,32"
2021,4,Santa Fe,"36,02","-31,6333","-60,7000","33,79"
2022,1,Santa Fe,"38,89","-31,6333","-60,7000","36,74"
2022,2,Santa Fe,"42,01","-31,6333","-60,7000","39,67"
2022,3,Santa Fe,"45,15","-31,6333","-60,7000","42,85"
2022,4,Santa Fe,"90,30","-31,6333","-60,7000","46,05"
2023,1,Santa Fe,"92,22","-31,6333","-60,7000","92,11"
2023,2,Santa Fe,"94,87","-31,6333","-60,7000","94,06"
2023,3,Santa Fe,"97,39","-31,6333","-60,7000","96,77"
2023,4,Santa Fe,"99,81","-31,6333","-60,7000","99,34"
2024,1,Santa Fe,"100,20","-31,6333","-60,7000","101,81"
2024,2,Santa Fe,"102,51","-31,6333","-60,7000","102,20"
2014,1,Santiago Del Estero,"2,95","-27,7834","-64,2642","0,00"
2014,2,Santiago Del Estero,"3,07","-27,7834","-64,2642","3,01"
2014,3,Santiago Del Estero,"3,10","-27,7834","-64,2642","3,13"
2014,4,Santiago Del Estero,"3,46","-27,7834","-64,2642","3,16"
2015,1,Santiago Del Estero,"3,57","-27,7834","-64,2642","3,53"
2015,2,Santiago Del Estero,"3,73","-27,7834","-64,2642","3,64"
2015,3,Santiago Del Estero,"3,91","-27,7834","-64,2642","3,80"
2015,4,Santiago Del Estero,"4,09","-27,7834","-64,2642","3,99"
2016,1,Santiago Del Estero,"4,17","-27,7834","-64,2642","4,18"
2016,2,Santiago Del Estero,"4,31","-27,7834","-64,2642","4,26"
2016,3,Santiago Del Estero,"4,67","-27,7834","-64,2642","4,40"
2016,4,Santiago Del Estero,"4,87","-27,7834","-64,2642","4,76"
2017,1,Santiago Del Estero,"4,95","-27,7834","-64,2642","4,96"
2017,2,Santiago Del Estero,"5,06","-27,7834","-64,2642","5,05"
2017,3,Santiago Del Estero,"5,18","-27,7834","-64,2642","5,16"
2017,4,Santiago Del Estero,"6,17","-27,7834","-64,2642","5,28"
2018,1,Santiago Del Estero,"6,25","-27,7834","-64,2642","6,29"
2018,2,Santiago Del Estero,"5,91","-27,7834","-64,2642","6,37"
2018,3,Santiago Del Estero,"5,78","-27,7834","-64,2642","6,03"
2018,4,Santiago Del Estero,"6,31","-27,7834","-64,2642","5,90"
2019,1,Santiago Del Estero,"6,42","-27,7834","-64,2642","6,44"
2019,2,Santiago Del Estero,"7,10","-27,7834","-64,2642","6,54"
2019,3,Santiago Del Estero,"9,39","-27,7834","-64,2642","7,25"
2019,4,Santiago Del Estero,"9,79","-27,7834","-64,2642","9,58"
2020,1,Santiago Del Estero,"10,00","-27,7834","-64,2642","9,99"
2020,2,Santiago Del Estero,"10,41","-27,7834","-64,2642","10,20"
2020,3,Santiago Del Estero,"10,88","-27,7834","-64,2642","10,62"
2020,4,Santiago Del Estero,"11,28","-27,7834","-64,2642","11,10"
2021,1,Santiago Del Estero,"11,58","-27,7834","-64,2642","11,51"
2021,2,Santiago Del Estero,"12,72","-27,7834","-64,2642","11,82"
2021,3,Santiago Del Estero,"13,35","-27,7834","-64,2642","12,97"
2021,4,Santiago Del Estero,"13,84","-27,7834","-64,2642","13,62"
2022,1,Santiago Del Estero,"14,50","-27,7834","-64,2642","14,12"
2022,2,Santiago Del Estero,"16,34","-27,7834","-64,2642","14,79"
2022,3,Santiago Del Estero,"17,69","-27,7834","-64,2642","16,67"
2022,4,Santiago Del Estero,"34,40","-27,7834","-64,2642","18,04"
2023,1,Santiago Del Estero,"36,27","-27,7834","-64,2642","35,09"
2023,2,Santiago Del Estero,"37,62","-27,7834","-64,2642","37,00"
2023,3,Santiago Del Estero,"41,46","-27,7834","-64,2642","38,37"
2023,4,Santiago Del Estero,"44,22","-27,7834","-64,2642","42,29"
2024,1,Santiago Del Estero,"44,90","-27,7834","-64,2642","45,10"
2024,2,Santiago Del Estero,"48,95","-27,7834","-64,2642","45,80"
2014,1,Tierra Del Fuego,"3,45","-54,8019","-68,3029","0,00"
2014,2,Tierra Del Fuego,"3,47","-54,8019","-68,3029","3,52"
2014,3,Tierra Del Fuego,"3,47","-54,8019","-68,3029","3,54"
2014,4,Tierra Del Fuego,"3,47","-54,8019","-68,3029","3,54"
2015,1,Tierra Del Fuego,"3,45","-54,8019","-68,3029","3,54"
2015,2,Tierra Del Fuego,"3,48","-54,8019","-68,3029","3,52"
2015,3,Tierra Del Fuego,"3,48","-54,8019","-68,3029","3,55"
2015,4,Tierra Del Fuego,"3,47","-54,8019","-68,3029","3,55"
2016,1,Tierra Del Fuego,"3,48","-54,8019","-68,3029","3,54"
2016,2,Tierra Del Fuego,"3,48","-54,8019","-68,3029","3,54"
2016,3,Tierra Del Fuego,"3,48","-54,8019","-68,3029","3,55"
2016,4,Tierra Del Fuego,"3,48","-54,8019","-68,3029","3,55"
2017,1,Tierra Del Fuego,"3,48","-54,8019","-68,3029","3,55"
2017,2,Tierra Del Fuego,"3,48","-54,8019","-68,3029","3,55"
2017,3,Tierra Del Fuego,"3,48","-54,8019","-68,3029","3,55"
2017,4,Tierra Del Fuego,"5,20","-54,8019","-68,3029","3,54"
2018,1,Tierra Del Fuego,"5,77","-54,8019","-68,3029","5,31"
2018,2,Tierra Del Fuego,"5,94","-54,8019","-68,3029","5,88"
2018,3,Tierra Del Fuego,"5,99","-54,8019","-68,3029","6,06"
2018,4,Tierra Del Fuego,"7,44","-54,8019","-68,3029","6,11"
2019,1,Tierra Del Fuego,"6,34","-54,8019","-68,3029","7,59"
2019,2,Tierra Del Fuego,"6,34","-54,8019","-68,3029","6,47"
2019,3,Tierra Del Fuego,"6,69","-54,8019","-68,3029","6,47"
2019,4,Tierra Del Fuego,"7,27","-54,8019","-68,3029","6,82"
2020,1,Tierra Del Fuego,"7,41","-54,8019","-68,3029","7,42"
2020,2,Tierra Del Fuego,"8,13","-54,8019","-68,3029","7,56"
2020,3,Tierra Del Fuego,"8,51","-54,8019","-68,3029","8,29"
2020,4,Tierra Del Fuego,"8,49","-54,8019","-68,3029","8,68"
2021,1,Tierra Del Fuego,"8,73","-54,8019","-68,3029","8,66"
2021,2,Tierra Del Fuego,"8,59","-54,8019","-68,3029","8,91"
2021,3,Tierra Del Fuego,"9,52","-54,8019","-68,3029","8,76"
2021,4,Tierra Del Fuego,"10,70","-54,8019","-68,3029","9,71"
2022,1,Tierra Del Fuego,"10,73","-54,8019","-68,3029","10,91"
2022,2,Tierra Del Fuego,"10,97","-54,8019","-68,3029","10,94"
2022,3,Tierra Del Fuego,"11,01","-54,8019","-68,3029","11,19"
2022,4,Tierra Del Fuego,"13,48","-54,8019","-68,3029","11,23"
2023,1,Tierra Del Fuego,"14,58","-54,8019","-68,3029","13,75"
2023,2,Tierra Del Fuego,"16,92","-54,8019","-68,3029","14,87"
2023,3,Tierra Del Fuego,"17,17","-54,8019","-68,3029","17,26"
2023,4,Tierra Del Fuego,"17,92","-54,8019","-68,3029","17,51"
2024,1,Tierra Del Fuego,"21,54","-54,8019","-68,3029","18,28"
2024,2,Tierra Del Fuego,"22,09","-54,8019","-68,3029","21,97"
2014,1,Tucumán,"3,21","-26,8241","-65,2226","0,00"
2014,2,Tucumán,"3,35","-26,8241","-65,2226","3,27"
2014,3,Tucumán,"3,35","-26,8241","-65,2226","3,42"
2014,4,Tucumán,"3,86","-26,8241","-65,2226","3,42"
2015,1,Tucumán,"4,07","-26,8241","-65,2226","3,94"
2015,2,Tucumán,"4,31","-26,8241","-65,2226","4,15"
2015,3,Tucumán,"4,57","-26,8241","-65,2226","4,39"
2015,4,Tucumán,"4,88","-26,8241","-65,2226","4,66"
2016,1,Tucumán,"5,00","-26,8241","-65,2226","4,98"
2016,2,Tucumán,"5,20","-26,8241","-65,2226","5,10"
2016,3,Tucumán,"5,54","-26,8241","-65,2226","5,30"
2016,4,Tucumán,"5,73","-26,8241","-65,2226","5,66"
2017,1,Tucumán,"5,88","-26,8241","-65,2226","5,84"
2017,2,Tucumán,"6,09","-26,8241","-65,2226","5,99"
2017,3,Tucumán,"6,39","-26,8241","-65,2226","6,22"
2017,4,Tucumán,"9,11","-26,8241","-65,2226","6,51"
2018,1,Tucumán,"9,36","-26,8241","-65,2226","9,29"
2018,2,Tucumán,"13,51","-26,8241","-65,2226","9,54"
2018,3,Tucumán,"15,26","-26,8241","-65,2226","13,78"
2018,4,Tucumán,"16,58","-26,8241","-65,2226","15,56"
2019,1,Tucumán,"16,57","-26,8241","-65,2226","16,91"
2019,2,Tucumán,"18,53","-26,8241","-65,2226","16,90"
2019,3,Tucumán,"19,32","-26,8241","-65,2226","18,90"
2019,4,Tucumán,"29,87","-26,8241","-65,2226","19,71"
2020,1,Tucumán,"32,25","-26,8241","-65,2226","30,47"
2020,2,Tucumán,"32,70","-26,8241","-65,2226","32,89"
2020,3,Tucumán,"34,84","-26,8241","-65,2226","33,36"
2020,4,Tucumán,"36,44","-26,8241","-65,2226","35,53"
2021,1,Tucumán,"37,98","-26,8241","-65,2226","37,17"
2021,2,Tucumán,"40,31","-26,8241","-65,2226","38,74"
2021,3,Tucumán,"42,10","-26,8241","-65,2226","41,12"
2021,4,Tucumán,"45,15","-26,8241","-65,2226","42,94"
2022,1,Tucumán,"47,24","-26,8241","-65,2226","46,05"
2022,2,Tucumán,"50,09","-26,8241","-65,2226","48,18"
2022,3,Tucumán,"53,36","-26,8241","-65,2226","51,09"
2022,4,Tucumán,"88,33","-26,8241","-65,2226","54,43"
2023,1,Tucumán,"95,79","-26,8241","-65,2226","90,10"
2023,2,Tucumán,"96,69","-26,8241","-65,2226","97,71"
2023,3,Tucumán,"98,85","-26,8241","-65,2226","98,62"
2023,4,Tucumán,"101,55","-26,8241","-65,2226","100,83"
2024,1,Tucumán,"103,36","-26,8241","-65,2226","103,58"
2024,2,Tucumán,"108,93","-26,8241","-65,2226","105,43"
